no	tweet	sentiment
1	Diklat Implementasi Kurikulum 2013 versi Revisi #kurikulum2013	positive
2	Materinya tentang Nilai Mata Uang. #kurikulum2013	positive
3	"Siap edar, buku panduan bagi pendidik SD, SMP, SMA penerapan pembelajaran Kurikulum 2013. #kurikulum2013"	positive
4	Anak SD sekarang udah di suruh buat main map .. #kurikulum2013	positive
5	Peserta In Asistensi Kurikulum 2013 #kurikulum2013	positive
6	Enak ya anak sekolah jaman sekarang pergi lihat sunrise pulang lihat sunset berasa di pantai #kurikulum2013	positive
7	Semoga ilmu yang didapat bermanfaat *mode alim #diklat #pelatihan #kurikulum #kurikulum2013…	positive
8	Dinas Pendidikan se-Jatim Sepakat Lanjutkan #kurikulum2013	positive
9	Kurikulum 2013 dihentikan dan kembali ke kurikulum 2006. Kabar baik buat pendidikan nasional. Pencetus K13nya kudu diminta tanggung jawab.	positive
10	Ada 2 hal dalam integritas : 1. Jujur 2. Tekad #pendidikan #kurikulum2013	positive
11	"Meningkatkan yang dimiliki, Mendorong yang berhenti, Menaikkan yang masih rendah.  #kurikulum2013"	positive
12	Pergi lihat sunrise pulang lihat sunset . Jam 06.30-17.00 #Kurikulum2013	positive
13	Peran guru sebagai fasilitator atau motivator dpt diterapkan dg kurikulum apapun . Bukan monopoli #Kurikulum2013	positive
14	Tahun ajaran baru nanti kemungkinan bakal ngajar Simulasi dan Komunikasi Digital. Belajar dulu. #kurikulum2013	positive
15	alhamdulillah... #Kurikulum2013 dibatalkan..... kembali ke kurikulum lama :)) *gak susah-susah bikin rapotnya*	positive
16	"Wamendikbud Bidang Pendidikan, Musliar Kasim: ""Wapres Boediono ingin agar implementasi Kurikulum 2013 dapat berjalan dengan lancar,”"	positive
17	Sepertinya gua kena karma 'cinta datang terlambat' sama kurikulum 2013 deh :') ternyata emang nyamanan sama k13 deh #kurikulum2013	positive
18	"ada beberapa tanda suatu negara dikatakan berhasil, diantaranya adalah suksesnya pola didik terhadap pemuda - pemudanya. #kurikulum_2013"	positive
19	"semoga pemimpin indonesia di 5 thn mendatang amanah dengan janji yang diucapnya, semoga tdk sekedar retorika belaka #kurikulum_2013"	positive
20	siapa pun yang menjadi pemimpin negara ini nanti haruslah yang terbaik dan tulus untuk negara ini #kurikulum_2013	positive
21	seberat apapun masalah yg anda hadapi percayalah pasti ada jalan keluarnya :) #kurikulum_2013	positive
22	"#kurikulum2013: mengapa kurikulum berubah? krn telah terjadi prubhan kebutuhan ,tlh pula terjadi prkmbngan akademik, industri & sosial - budaya."	positive
23	"#kurikulum2013: kompetensi adl kata kunci dlm kurikulum2013. didlmnya mencakup 3 kompetensi, yaitu sikap, pengetahuan, dan keterampilan."	positive
24	"#kurikulum2013: pendekatan kurikulum2013, siswa diberanikan utk mencari informasi dri sumber belajar yg tersedia / terbentang luas disekitarnya"	positive
25	Bahkan sampai ada guru besar yang mengatakan #Kurikulum2013 ini bagus. Saya sungguh sedih dg sesama akademisi yg dpt mendukung kur ini.	positive
26	"#kurikulum2013: peningkatan kinerja pendidikan melalui kurikulum ,guru dan lama tinggal di sekolah"	positive
27	#kurikulum2013:Berbagai kritik & serangan trhdp Kurikulum2013 ternyata tak menyurutkan pmrntah. Terbukti Kriklm2013 akan ttap dilksnkn Juli.	positive
28	#kurikulum2013: PGRI mengusulkan agar Kemendikbud mempertimbangkan masukan dari banyak pihak untuk melakukan uji coba terlebih dahulu.	positive
29	#kurikulum2013: Tingkat kepuasan thdp plksanaan Kurikulum 2006 lbh tinggi dri pd thdp Kurikulum 2004 yg lbh dikenal dgn KBK. bgmna dg 2013?	positive
30	#kurikulum2013: kreativitas guru dituntut utk memperkaya buku dgn kegiatan lain yg sesuai dan relevan dimana buku ini diajarkan.	positive
31	"Tak penting siapa yg salah dlm #kurikulum2013. Sudahlah. Sekarang selamatkan anak-cucu kita, selamatkan masa depan Republik ini."	positive
32	"punya anak yg dapet kurikulum 2013 di sekolah, ortunya harus kreatif dan siap ditodong membuat tugas sewaktu..."	positive
33	"Alhamdulillahnya gak pernah mengeluh, sekarang bangun jam 5 pagi gak perlu lg dibangunin #kurikulum2013"	positive
34	lanjutkan kurikulum 2013. Tidak usah d rubah2 lagi.	positive
35	"@BeasiswaGratis #Kurikulum2013 RT : Kemdikbud : Kurikulum Tidak Akan Gonta-Ganti , sumber : layar TVE"	positive
36	"Jaman sekarang bukannya guru berjasa pada murid ini malah murid berjasa pada guru #kurikulum2013"""	positive
37	#kurikulum2013: peran guru sangat penting utk menyesuaikan daya serap siswa dgn ketersediaan kegiatan yg ada pada buku.	positive
38	"#kurikulum2013: tantangan pengembangan kurikulum meliputi kompetensi dan tantangan masa depan perkembangan pengetahuan ,dan pedagogi."	positive
39	"#kurikulum2013: mata pelajaran agama dan budi pekerti di SD jadi 4 jam, pramuka ekstrakulikuler wajib di semua jenjang. "	positive
40	#kurikulum2013: kesempatan kembangkan kreatifitas guru.	positive
41	#kurikulum2013: besarnya anggaran karena jangkauan dan jumlah sasaran yg hendak diberikan pelayanan terhadap kurikulum 2013 begitu besar.	positive
42	"#kurikulum2013: anggaran langsung Rp 751,4 M utk penyiapan dokumen ,uji publik dan sosialisasi ,pengadaan buku, pelatihan guru."	positive
43	"#kurikulum2013: anggaran langsung ,artinya ,anggaran murni yg diusulkan dan didedikasikan karena adanya kurikulum 2013"	positive
44	"#Kurikulum2013 bukan di stop total, tapi hanya untuk sekolah yang sudah mampu.."	positive
45	"Siklus hidup buku pelajaran Inggris, AS, Finlandia, Singapura 5 tahun. Indonesia 1 tahun. Kaya amat! #Kurikulum2013"	positive
46	"#Kurikulum2013 pd dasarnya baik, selain dinamis + kreatif jg meminim spambot texting"	positive
47	"Hanya terjadi di Indonesia, penulis buku pelajaran pemerintah bisa selesaikan naskah dalam 1 bulan. #Kurikulum2013"	positive
48	"Peran orang tua di keluarga lebih penting dan peran guru di sekolah mendukungnya, sudah saatnya tdk terlalu memanjakan anak.. #Kurikulum2013"	positive
49	"Dengan #Kurikulum2013 , anak-anak Indonesia langsung bisa bersikap ... Guru harus memfasilitasi mengajar dengan baik ... Jangan mengeluh"	positive
50	"Terlepas dari masih ada kekurangan #Kurikulum2013 , tapi prosesnya sangat baik buat kemajuan Indonesia ... Jangan dicabut tapi evaluasi"	positive
51	#Kurikulum2013 hanya sistem kontrol pendidikan yg harus dievaluasi jd lebih baik. & please lahirkan guru2 yg hebat untuk anak2 yg hebat!	positive
52	Dukungan Penghentian Kurikulum 2013 Terus Mengalir #Kurikulum2013	positive
53	Memiliki kepedulian & tanggung jawab thdap makanan & rantai makanan serta kesehatan melalui pemanfaatan Bahasa Indonesia. #Kurikulum2013	positive
54	Untuk yang bertanya-tanya soal #CabutK2013. Ini adalah #Kurikulum2013 yang harus di perbaiki. #PendidikanIndonesia	positive
55	"Akhir kata, kembali lgi, klo mau nangguhkan kurtilas, di akhir taun ajaran baru aja... #Kurikulum2013 #kurtilas"	positive
56	"#kurikulum2013 dihentikan sementara dibeberapa sekolah,Gunakan aja International Baccalaureate (IB) , dan segera Bangun sekolah untuk guru"	positive
57	"Satu lagi, pd setiap buku dalam 1 materi akan ada kolom komunikasi guru, siswa, dan orang tua murid #kurikulum2013"	positive
58	Sebagai solusinya pemerintah mengambil langkah menghilangkan ketakutan siswa tersebut dgn cara #kurikulum2013	positive
59	"alhamdullilah, kurikulum 2013 mulai di hentikan pada saat semester genap depan: D #Kurikulum2013"	positive
60	Untung gue msh pki Kurikulum 2006 kesian bgt adik kelas gue yg udh Kurikulum 2013 :D Sabarr ya adik- adikku	positive
61	sekarang rasanya adik kelas lebih pintar dari kelas XII. efek #Kurikulum2013	positive
62	"Kami sudah setahun lebih menjalani kurikulum 2013, tapi masih hidup dengan sehat dan bahagia sampai detik ini #Kurikulum2013"	positive
63	9. #kurikulum2013 :pengembangan kurikulum sampai pada buku teks dan buku pedoman guru	positive
64	"8. #KTSP2006 :pengembangan kurikulum sampai pada kompetensi dasar, #kurikulum2013"	positive
65	"Boleh aja ngeluhin kurikulum 2013, asal ngeluhnya sambil ngerjain semua tugas. Jadi pas ngeluh selesai, tugas selesai."	positive
66	kurikulum 2013 hentikan lebih baik aktifkan lagi PMP pendidikan moral Pancasila & 36 butir Pancasila & praktek pel agama ditambah	positive
67	Trending topik hari ini #kurikulum2013	positive
68	"bandingkan dengan negara finlandia, seorang anak sekolah dasar yang bisa menjabarkan setiap formula yg diberikan oleh gurunya #kurikulum2013"	positive
69	buat yang masih ngefans sama #Kurikulum2013 :v kita masih akan bersenang senang tong :v	positive
70	"Kurikulum Berbasis Kompetensi (KBK), menciptakan tamatan yg kompeten dan cerdas dalam membangun identitas budaya & bangsanya #Kurikulum2013"	positive
71	"wahai bapak @aniesbaswedan kami butuh perbaikan sistem, biarkan ttap berjalan #kurikulum2013 ini, dan perbaiki kinerja dan kualitas pengajar"	positive
72	"Naskah Akademik yg mengevaluasi pendidikan dibuat saat #Kurikulum2013 sdh djlnkn. Skrg Nasdik ini jd pembenar K13. Krg lucu apa lagi, sih?"	positive
73	Buka baut mesin aja kudu dengan cara yg santun berdasarkan kejujuran didasari keinginan luhur #Kurikulum2013	positive
74	Ini adalah salah satu cara mengedukasi pajak disamping memasukkan materi pajak ke kurikulum pendidikan. Demikian pak.	positive
75	Pendidikan yg baik memerlukan guru dan iklim sekolah yg baik. #kurikulum2013	positive
76	Membentuk Sumber Daya Manusia Yang Siap Bersaing @Kemdikbud_RI @Mohammad_Nuh_ #Kurikulum2013 #K13	positive
77	Seharusnya kurikulum 2013 itu mengkaji ulang sejarah PKI yang lebih dari tiga puluh tahun termanipulasi. Demi siswa hebat bung!	positive
78	Pendampingan kurikulum 2013 Semoga memberi manfaat !!	positive
79	Hari ini telah dilaksanakan pelatihan (2) Penilain & Pembuatan Raport Otomatis di SDN Margahayu 12 jam 9 #kurikulum2013 #gurupintar2013	positive
80	"Dukung terus perbaikan kualitas ajar dari guru, untuk hasil didikan yang berkualitas, untuk masa depan bangsa yang cemerlang #Kurikulum2013"	positive
81	Terima kasih Menteri Pendidikan dan Kebudayaan (Mendikbud) Pak Anies Baswedan yg telah memberhentikan pelaksaan #Kurikulum2013	positive
82	Semangat buat yang sekolahnya udh ngejalanin Kurikulum 2013 selama 3 semester... karena perjuangan msh berlanjut #semangat #Kurikulum2013	positive
83	Karena cita2 dari Pak @aniesbaswedan adlh ciptain suasana belajar brdsrkn pengalaman & kreatifitas. Ga cm terpaku pd program. #kurikulum2013	positive
84	"Lewat review #kurikulum2013 ini, proses belajar diharapkan bisa jd menyenangkan & menghasilkan para pembelajar."	positive
85	#Kurikulum2013 mengajarkan siswa untuk menciptakan masalah dan menyelesaikan masalahnya sendiri. Guru cuma ngelurusin doang.	positive
86	"Setelah dipelajari (silahkan yg mau mempelajari) ternyata #kurikulum2013 itu tujuannya sangat baik, jauh diluar prediksi"	positive
87	"lupakan sejenak #hentikanUN atau #kurikulum2013, lebih baik fokus pada perbaikan guru nya dalam teknologi mengajar nya"	positive
88	"Seneng bgt pulang cepet kayak gini.. Jgn cuma ujian, Kalau bisa seterusnyaa.. Jam 1 aja pulangnya, cukup dah buat aku :') #Kurikulum2013"	positive
89	"Tahun Depan, 30 SMP di Solo Terapkan Kurikulum 2013"	positive
90	"Wamendikbud Harap Jokowi Tak Hapus #Kurikulum2013 ""Kurikulum 2013 ini mendidik anak-anak untuk menghadapi..."	positive
91	"dan sekarang #kurikulum2013 diganti ktsp lagi, harus nya ada perubahan lebih baik. tapi harus merubah gaya belajar anak-anak sekolah lagi."	positive
92	"Pak mentri oh pak mentri berikan kami keringanan dalam belajar, beri kami hari sabtu libur, kurangi tugas kami #Kurikulum2013"	positive
93	"Kalau setiap guru harus menguasai minimalnya Word/Excel dan penggunaan Projektor, itu memang tuntutan. Harus, meskipun tanpa #Kurikulum2013;"	positive
94	Libur tanpa tugas di kurikulum 2013 tuh ibaratkan nemu koper isi uang di pinggir jalan... Seneng!!! #kurikulum2013	positive
95	"Adalah lebih penting tersedianya Guru Yg Berkompeten &Cukup, dibanding #Kurikulum2013 yg di agung2 kan bisa memenuhi kebutuhan pendidikan anak"	positive
96	"Klo alasannya cuma ""belum siap"", lalu kapan siapnya?. Indonesia butuh kurikulum pendidikan yg revolusioner, ya itu #kurikulum2013"	positive
97	#Kurikulum2013 distop sama mendikbud yg sekarang bkn karena kurikulum ini gk baik tapi karena pemerintah skr pengen beda dg yg sebelumnya	positive
98	Ilmu itu indah... #kurikulum2013	positive
99	sekarang tidak ada yang santa semuanya giat kerja tugas karena banyak tugas #kurikulum2013	positive
100	cukup antusias jg sih mendengar kabar klo sekolah lain sdh mulai kembali menggunakan #Kurikulum2013 namun merasa miris juga karena sekolah tempat gw ngajar gak bisa ikutan tahun ini	positive
101	"Kualitas pendidikan sangat tergantung pada ilmu guru, metode/kurikulum, bakat/ketekunan murid sendiri, dan jg kesempatan."	positive
102	Pemerintah siapkan kurikulum ekonomi digital untuk mempersiapkan SDM bersaing di era digital saat ini	positive
103	Terbukti kan klo kurikulum indonesia itu jauh lebih baik dri US ...jd kpn lg kita bangga dgn bangsa sendiri.. 	positive
104	"Perbaikan sistem pendidikan meliputi meratanya di setiap daerah, infrastruktur pendidikan, kualitas kurikulum dan tenaga pendidik"	positive
105	Bertepatan Ramadhan 1437 H kemarin. Telah dilatih guru sekolah sasaran #Kurikulum2013 . Dilatih karena ada penyempurnaan kurikulum nya.	positive
106	Setiap kabupaten / kota mengusulkan kepada Kemendikbud sekolah yang akan melaksanakan penerapan #Kurikulum2013	positive
107	Tahun ini secara bertahap pemerintah melalui Kemendikbud mencicil pelaksanaan #Kurikulum2013 disetiap sekolah di seluruh Indonesia.	positive
108	"#kurikulum2013: Komitmen terhadap siswa, inovasi, dan kreatifitas guru merupakan faktor pendukung terbesar dalam proses pendidikan."	positive
109	"Standar penilaian #kurikulum2013 menggunakan penilaian otentik, yaitu mengukur semua kompetensi sikap, keterampilan & pengetahuan"	positive
110	Mau buka toko buku-buku paket kurikulum 2013 di setiap sekolah agar pembelajaran di sekolah tidak tersendat dan lebih maksimal	positive
111	"Boleh, motivasinya bisa dimulai dari keluarga, kurikulum, tempat ibadah, tempat kerja, sampai teladan pimpinan masing2."	positive
112	Liburan ini akan aku gunakan untuk menenangkan Pikiran dari hirup pikuknya suasana Pembelajaran #Kurikulum2013	positive
113	"#Attitude itu, salah satu hal yang menjadi penilaian di kurikulum 2013 dan penunjang kenaikan kelas seorang pelajar."	positive
114	SMP Pelaksana Kurikulum 2013 di Kota Bekasi - … #kurikulum2013	positive
115	SMK di Kabupaten Bekasi Pelaksana Kurikulum 2013 Tahun 2017 - … #kurikulum2013	positive
116	"Karena Mas Anies, kesiapan siswa dan guru diutamakan dalam pelaksanaan kurikulum 2013, shg tdk menimbulkan keresahan sekolah"	positive
117	"Anak 1 SD 2 minggu masuk sekolah. Soal di buku: sebutkan jml hrf konsonan pd kata ""perempuan"". Keren! #kurikulum2013"	positive
118	SMA Wiyata Dharma Mulai Gunakan K-13 Tahun Ini #WiyataDharma #Kemdikbud #Kurikulum2013 #Fulldayschool #Sekolah	positive
119	"Tahun Ajaran Baru, SMA Angkasa Medan Mulai Pakai K-13 #Mendikbud #SMA #Remaja #Kurikulum2013"	positive
120	Mau tidak mau pelaksanaan proses pembelajaran harus tetap berjalan karena tahun pelajaran telah mulai. apapun kondisinya #Kurikulum2013	positive
121	Sehingga Tahun Pelajaran 2016/2017 dimulai #Kurikulum2013 yang telah direvisi dapat dilaksanakan di sekolah sasaran tersebut.	positive
122	Baru thn ini gw sklh ga ada yg nmanya 'UTS' ya itulah kelebihan #Kurikulum2013 tp lbih bnyak kekurangannya drpd kelebihannya #Kurikulum2013	positive
123	Diklat Guru Sasaran SMKN 1 PLERED 12-17/06/2016 #Kurikulum2013	positive
124	Diklat Kurikulum 2013 (lagi) #diklat #kurikulum2013 .. . @ SMKN 1 Ciamis	positive
125	Hari terakhir pelatihan Kur 13. #pelatihan #kurikulum2013…	positive
126	cari data berapa sekolah pelaksana #kurikulum2013 tahun 2016. mohon bantuannya / ada yang punya lampiran II sk dirjen dikdasmen tidak ya?	positive
127	Modul diklat implementasi Kurikulum 2013 edisi revisi #kurikulum2013	positive
128	Sedikit tawa bisa meringankan suasana #Pelatihan #kurikulum2013	positive
129	Revisi K-13 Permudah Guru Dalam Penilaian Siswa? - #Kemendikbud #Kurikulum2013	positive
130	Revisi Kurikulum 2013 Dijamin Mudahkan Guru #kurikulum2013	positive
131	Pelatihan #Kurikulum2013 dilanjutkan kembali thn ini. Target pd tahun 2018/2019 sdh 100% sekolah yg aplikasikan K13.	positive
132	cukup antusias jg sih mendengar kabar klo sekolah lain sdh mulai kembali menggunakan #Kurikulum2013	positive
133	Pemerintah Kab. Badung dukung penuh implementasi #Kurikulum2013 & peduli dgn pendidikan dgn anggarkn lbih dr 20% APBD	positive
134	"Dialog Pendidikan ttg #Kurikulum2013 hadirkan Kepala Puskurbuk Tjipto Sumadi, anggota Kom. X Wayan Koster,& Wabup Badung I Ketut Suiasa"	positive
135	Semoga pada esok pengumuan kelulusan. Bisa lulus 100% amin. Allah bles s me #pendidikan #smp #kurikulum2013	positive
136	Ratusan Sekolah Penuhi Syarat dan Layak Terapkan Kurtilas #kurikulum2013 #kurtilas	positive
137	Kurikulum 2013 Disederhanakan #Kurikulum2013 #Pendidikan	positive
138	Revisi Kurikulum 2013 Ide desain dokumen implementasi Kurikulum 2013 diselaraskan & diterapkan secara bertahap.	positive
139	semangat ya dek untuk kurikulum2013 nya	positive
140	"Justru, kurikulum2013, yg sangat kuat dlm pembinaan karakter/mental ditangguhkan (baca:dibatalkan) oleh @aniesbaswedan #hardiknas"	positive
141	"Semoga saya kuat untuk menjalankan #kurikulum2013 ini, Ya Alloh. Semoga Engkau ringankan beban dalam diri kami ini, aamiin."	positive
142	"Kurikulum 2013 dihentikan, semoga jadi akhir dan awal yang baik bagi dunia pendidikan"	positive
143	Penyandang disabilitas pun akan dijamin mendapat perlakuan sama dengan masyarakat pada umumnya. #Kabinet_ Jokowi #Kurikulum2013	positive
144	"Ya, ini contoh mengagumi mukjijat alam melalui ilmu biologi. #kurikulum2013"	positive
145	Ibas Yakin Kurikulum 2013 Melahirkan Generasi Berkarakter #Kurikulum	positive
146	"Dalam #Kurikulum2013 sekarang tidak hanya ada Budi, Wati, dan Iwan - Musliar Kasim (Wamendikbud 2011-2014)"	positive
147	Pelatihan #Kurikulum2013 dilakukan berjenjang. @Kemdikbud_RI Lakukan Pendampingan	positive
148	2. Penyandang disabilitas pun akan dijamin mendapat perlakuan sama dengan masyarakat pada umumnya. #Kabinet_Jokowi #Kurikulum2013	positive
149	23. (8) Penguatan literasi dan pembelajaran; (9) Pelatihan dan pendampingan berbasis sekolah. . #Kabinet_Jokowi #Kurikulum2013	positive
150	Maksudku sekolah di Indonesia yang menggunakan kurikulum nasional plus dan kurikulum internasional. Yang negeri pun ada yang terapkan juga.	positive
151	Revisi Buku Pelajaran #Kurikulum2013 Sesuai Kompetensi Dasar	positive
152	#Kudus #SMA #Kurikulum2013 SMA 2 Bae Segera Terapkan Kurikulum 2013	positive
153	#Kudus #Kurikulum2013 SMA Sederajat Diharapkan Pakai Kurikulum 2013	positive
154	#Kudus #Kurikulum2013 #SMA 26 Guru SMA 2 Kudus Sudah Tak Gagap Kurikulum 2013	positive
155	"Siap edar, buku panduan bagi pendidik SD, SMP, SMA penerapan pembelajaran Kurikulum 2013. #kurikulum2013"	positive
156	Kurikulum 2013 Berlaku untuk Semua Sekolah #kurikulum2013	positive
157	"Dengan semua ini,kehidupan saya jadi ""lebih berwarna"" terimakasih. #kurikulum2013"	positive
158	Berhasil mempertajam spiritual. #kurikulum2013	positive
159	SD Kratonan 3 salah satu #sekolahdasar di #kota solo yang masih menggunakan #kurikulum2013 ...mantap	positive
160	Amunisi jam pertama besok Matematika Wajib dan Matematika Peminatan #kurikulum2013…	positive
161	Ya Allah aku bersyukur kepada Mu karena di sorga Mu aku akan lupa dengan #kurikulum2013	positive
162	#kurikulum2013 bagus ko.:)) bikin disiplin gitu.	positive
163	Perubahan menuju kebaikan itu harus.. prosesnya yang harus secara komprehensif dan diawasi #kurikulum2013	positive
164	Nilai rapor siswa sekarang tdak hanya tergantung pda kemampuan siswa tapi jga kemampuan guru wali dlam menggunakan excel #kurikulum2013	positive
165	"Setelah ditunda, sekarang #kurikulum2013 masuk tahap berikutnya: mendapat masukan masyarakat luas sebagai bahan untuk tahap revisi"	positive
166	Materi disesuaikan dg mengacu pada Kompetensi Inti dan Kompetensi Dasar #Kurikulum2013 - Tersedia untuk SD/MI	positive
167	Kompetensi Harus Ditingkatkan Agar Menjadi Guru Yang Profesional	positive
168	#Latepost #kurikulum2013 praktikum kimia tentang #atom menggunakan balon dan plastisin	positive
169	"Ada 2 topik yg diharapkan dapat masukan: Kompetensi Dasar #kurikulum2013 dan Pembelajaran Tematik-Terpadu di SD/MI."""	positive
170	"Sekarang saat yg tepat memberi masukan #kurikulum2013, suara masyarakat didengarkan."	positive
171	pendidikan harus mampu menuntun tumbuhnya karakter dalam hidup Sang Anak didik supaya (mengutip Ki Hajar) #kurikulum2013	positive
172	Bahkan Pihak perduli Pendidikan Sumbar memaparkan 19!!... 19 keunggulan #Kurikulum2013 dibanding K-2006.	positive
173	Pemprov Sumbar menilai #Kurikulum2013 Bagus & wajib dilanjutkan kembali krn mengajarkan pendidikan karakter yg baik untuk anak2 didik.	positive
174	Solusi untuk Guru yang Kekurangan Jam Mengajar #Pendidikan #JamMengajar #KTSP #Kurikulum2013	positive
175	Semangat bagi tim #gurupintar2013 yg hari ini sedang keliling ke sekolah2 #kurikulum2013	positive
176	"#Kurikulum2013 jual penilaian autentik, padahal di kurikulum sblmnya, 2006/KTSP juga sudah pakai. Pak Agung tunjukkan berkasnya #PPAutentik"	positive
177	"masa' Sma bukan masa buat kita santai"" karana pada masa SMA itulah saatnya kita banyak tugas :) #kurikulum2013"	positive
178	"Untuk Kelas XI Hari ini di wajibkan untuk Pramuka - Kepemimpinan hingga besok Minggu... Jgn sampai terlambat, Mulai Jam 13:00 #Kurikulum2013"	positive
179	Kemajuan di segala bidang ini disebabkan krn Sistem Kurikulum Pendidikan berbasis Al-Quran. Pengetahuan tdk boleh bertentangan dgn Quran.	positive
180	#kurikulum2013 Pramuka menjadi ekstrakuler wajib	positive
181	"Serasa bangga n tepat, memilih sekolah untuk Si Kecil yg tegas memberi statement bahwa akan terus menggunakan #Kurikulum2013 SDM GKB2 Gresik"	positive
182	"Kurikulum 2013 dihentikan sementara, semoga ini tanda baik dunia bagi pendidikan Indonesia."	positive
183	Kunci kurikulum ada pada para guru #kurikulum2013	positive
184	#kurikulum2013 mandiri dalam belajar.	positive
185	"Barangkali ingin melihat murid tidak hanya dari angka"" raportnya (kepintarannya), tp sikap sbg seorang anak manusia #kurikulum2013"	positive
186	Seberapa jauh kemampuan dan penyerapan si murid dlm suatu mata pelajaran dan sikap yg ditunjukan dlm kehidupan bersekolahnya #kurikulum2013	positive
187	"Ternyata rapor siswa di #Kurikulum2013 formatnya bagus. Format nilainya IPK, ortu yg bingung nilai maksimalnya cuma 4 bkn 10 juga ada."	positive
188	Pak @aniesbaswedan smg perbaikan #Kurikulum2013 ga lama. Thn ajaran esok berlaku lgi..ini kurikulim bagus pak..* testimoni	positive
189	"7. Mulai dari sisi kurikulum, tenaga pendidik, peralatan pembelajaran, program studi dan bidang keahlian, serta teaching factory."	positive
190	"Kemenperin terus kerja sama & dg @Kemdikbud_RI utk memfasilitasi penyesuaian kurikulum, penyediaan alat2 lab, serta kerja sama dg industri."	positive
191	#kurikulum2013 Yg berlaku sekarang adalah piramida makanan. Sesuai porsi/komposisinya untuk asupan harian. 4 sehat 5 sempurna #kurikulum2013	positive
192	Memaafkan kesalahan seseorang itu ibarat mata pelajaran tersulit dalam kurikulum moral kehidupan.	positive
193	"ketika kurikulum baru ada untuk menaikkan peringkat univ itu sendiri, tapi kita semua tau itu ga efetif ?????? hmm rasanya ingin ...mengubah"	positive
194	Kurikulum yg anda yakini baik... maka perjuangkan dan pertahankan... tidak mesti sama persis 100% dgn kurikulum 2013	positive
195	Ini memberi ide contoh bentuk implementasi sila ketiga dlm rangka mewujudkan sila kelima Pancasila! **catat di kurikulum sd**	positive
196	Kutip isi artikel: kalao banyak yg LUPA Pancasila kenapa tidak dikembalikan jadi kurikulum sekolah seperti dulu?	positive
197	Pagi ini dimulai dengan diskusi ringan tentang kurikulum pendidikan dasar dan lesson- learned dari para ortu...	positive
198	"Padukan Ideologi Pancasila Dalam Kurikulum, Segera Diterapkan"	positive
199	"Bersyukurlah kalian"" yang lulus sebelum kurikulum baru ini terbentuk."	positive
200	20.… pandangan hidup bangsa perlu dimasukkan ke dalam kurikulum maupun kegiatan pendidikan nonformal lainnya. #Indonesia #AntiRadikalisme	positive
201	Jokowi Minta Nilai-nilai Pancasila Dimasukkan dalam Kurikulum	positive
202	Setiap sekolah asrama dijalankan berbeda-beda sesuai dengan program dan kurikulum dari pengelolanya #papuabicara	positive
203	Selamat hari pendidikan nasional. Semoga pelajaran melupakan dan mengikhlaskan seseorang masuk di mapel wajib kurikulum 2013 #hardiknas2017	positive
204	Belajar itu mengikuti Kata Hati Bukan ikut Kurikulum Berevisi Kurikulum yg berubah tanpa henti Berevisi bak buku berseri #Kompasianival2017	positive
205	(10) Buku itu dikeluarkan dari kurikulum sekolah. Buku itu tidak lagi menjadi bahan kajian dan ajar di sekolah. Buku itu dijauhkan dr siswa.	positive
206	Agak syok dengan sistem kurikulum angkatan 2015. Kurikulumnya ngedukung buat lulus cepet..	positive
207	Kurikulum SMK Harus Diadaptasikan Dengan Kebutuhan Kerja	positive
208	Pelatihan Kurikulum 2013 Tetap Dilakukan #Kurikulum2013	positive
209	"#PenguatanPendidikanKarakter tidak akan mengubah struktur kurikulum, tp memperkuat Kurikulum 2013 yang sudah memuat pendidikan karakter."	positive
210	Sebenarnya film ini mau menonjolkan aspek apanya ...kalau aspek sejarah sebenarnya sdh masuk dlm kurikulum sekolah	positive
211	"Akhirnya rangkaian kegiatan Implementasi Kurikulum 2013 Sejak Bulan Mei Selesai hari ini, Majulah Pendidikan..."	positive
212	"Dengan menganut kurikulum 2013 dari Menteri Pendidikan Indonesia, anak-anak juga bisa membaca buku secara gratis di perpustakaan sederhana."	positive
213	PENDIDIKAN INDONESIA : Kurikulum 2013 Akan Disederhanakan #Solo #Tuit	positive
214	Jenis kurikulum di Indonesia Kurikulum 1968 Kurikulum 1975 Kurikulum 1984 Kurikulum 1994 Kurikulum 2004 Kurikulum 2006 Kurikulum 2013 #fb	positive
215	"Dengan begitu, kini dua kurikulum pendidikan yang berlaku di Indonesia yaitu KTSP 2006 dan Kurikulum 2013."	positive
216	Kurikulum 2013 di lanjutkan di Jawa Barat sebagai percontohan pendidikan di Indonesia #kemendikbud	positive
217	"pendidikan di indonesia sekarang  lebih maju alhamdullilah,,,, bertahankan lah  kurikulum 2013"	positive
218	"Saya setuju dengan kebijakan Pemerintah untuk menkaji ulang Kurikulum 2013, semoga Pendidikan Indonesia semakin baik."	positive
219	Kementerian Pendidikan: Kurikulum 2013 Dilanjutkan tapi Terbatas #Indonesia	positive
220	"2. Guru anak lu disuruh nyusun kurikulum baru lagi, padahal kurikulum 2013 sdh sangat baik n tercakup pendidikan karakter"	positive
221	"Demi mewujudkn #pendidikan yg lebih baik bagi anak, menyelenggarakn Lokakarya Kurikulum 2013 bagi #guru PAUD"	positive
222	Sebenarnya sistem pendidikan pada Kurikulum 2013 itu sudah sangat bagus untuk membina anak-2 didik menjadi pribadi yg baik.	positive
223	"pokoknya mau pake kurikulum 2013/ KTSP yg penting tujuan baiknya tercapai, berharap pendidikan indonesia semakin baik dan maju :-)"	positive
224	tvOneNews: Guru Besar Pendidikan: Kurikulum 2013 Lebih Baik daripada 2006	positive
225	"2014Keputusan Menteri Kebudayaan, Pendidikan Dasar dan Menengah Anies Baswedan menghentikan penerapan kurikulum 2013 disambut baik"	positive
226	"Bukankah keinginan kita, siswa bkn sekadar nilai akademis, tp jg moral, akhlak, perilaku? Semua ad di rapor #Kurikulum2013"	positive
227	"Maka,dr awal saya kasih saran ke teman2 yg pakai #Kurikulum2013 utk pakai ABC saja utk nilai harian. Nnti bs diolah lg ke angka.Lbh mudah."	positive
228	Kalau penilaian spt kuliah (ABC-->angka) pasti lbh simpel. Knp tak diterapkan di #Kurikulum2013 ? Yg dipakai justru sebaliknya.	positive
229	Kali ini #Kurikulum2013 kyaknya jadii trending topic. Penasaraan -__-	positive
230	interview: Pendidikan harus jadi kegembiraan … #kurikulum2013	positive
231	Menteri Anies Keluarkan Peraturan Kurikulum 2013. #Kurikulum2013 #Kemendikbud #Lekslawyer #JakartaLawyer...	positive
232	"Itu belum ditambah proses pembuatan nilainya, belum diskripsi nilainya! #kurikulum2013 #sempurna"	positive
233	"Untuk itu, Menteri Pendidikan harus mengevaluasi Implementasi Kurikulum 2013, shg guru mampu menerjemahkan dg baik di kelas"	positive
234	Kemendikbud @aniesbaswedan Bentuk Tim Investigasi Dugaan Korupsi #Kurikulum2013	positive
235	"K-13 Dihentikan, Buku Paket Tetap Dipakai #kurikulum2013"	positive
236	Muhammadiyah Pakai K-13 #kurikulum2013	positive
237	Hasil raport semester ganjil anak didik. Semoga di semester genap bisa terus meningkat! #Kurikulum2013	positive
238	Lumayan deh besok kalo jadi guru udah kagak kaget lagi kalo buat nilai rapot dan lembur 3hari kaya gini. Latihan sabar juga #Kurikulum2013	positive
239	Berkutik dengan nilai.. #kurikulum2013	positive
240	"Tak mungkin #Kurikulum2013 dibuat secara asal & tak berpasal. Pasti ada banyak hal  yang bisa diserap. Pelajari dulu, baru putuskan."	positive
241	Semangat rekap nilai rapor ini #kurikulum2013	positive
242	"Pendidikan senantiasa harus menjadi ruang kegembiraan, bukan penderitaan. Ruang penuh rasa, bukan terpaksa. #Kurikulum2013"	positive
243	Guru Jadi Kunci Penerapan Kurikulum  #Kurikulum2013	positive
244	Sekolah yang mampu melaksanakan #Kurikulum2013 silahkan mengaplikasikan dg baik	positive
245	Verifikasi Sekolah yang Siap Lanjutkan K-13 #kurikulum2013	positive
246	"Raport kurtilas hanya di beri huruf dan deskripsi. Penilaian yg d cantumkan ada 3 ranah, Keterampilan, Pengetahuan,dan sikap.#Kurikulum2013"	positive
247	Klasifikasi » Komunikasi » Inverensi » Intervretasi » Kesimpulan #Kurikulum2013	positive
248	Kreatifitas » Kritis » Inovasi #Kurikulum2013	positive
249	seharusnya jika mau uji coba / mengkaji #Kurikulum2013 maka sampel sekolah harus disebar disemua provinsi shg keputusannya mewakili	positive
250	"iya mgkn ini kesalahan pak anies, bebaskan penerapan #Kurikulum2013 bagi yg sudah melaksanakan 3 semester tanpa melihat wilayah"	positive
251	"sekitar 2,2 T biaya persiapan #Kurikulum2013 tidak sia2 kok, krn kajian akan dilanjutkan, daripada generasi penerus jadi korban."	positive
252	"tapi jika data itu kebalik...misal 97% sudah siap dg #Kurikulum2013 & 3% yg tidak, maka berlakukan saja"	positive
253	"Ya kurikulum 13 murid dituntut aktif, saking aktif dan cerdasnya kek gini nih. #kurikulum2013"	positive
254	Hati-hati dengan Ujian Nasional Ganda; Sekolah Harus Berani Ambil Keputusan #kurikulum2013 #k13	positive
255	"Sejak #Kurikulum2013 Diterapkan, Sikap Siswa Terlihat Berubah"	positive
256	"#Kurikulum2013 jangan hapus :( udah adaptasi ini kapan majunya pendidikan kalo gak siap terus , kalo gak siap sekarang kapan siapnya coba !"	positive
257	#Kurikulum2013 Guru menuntut murid untuk bisa memahami semua materi dengan belajar sendiri tanpa diajarkan terlebih dahulu.	positive
258	"#Kurikulum2013 Mending disempurnakan dulu, kalau udh Sempurna baru deh Dilaksanakan, biar lebih Efisien. Dan tdak ada Kontroversi"	positive
259	#kurikulum2013 saya mewakili siswa sma menurut saya dilanjutkan saja yg sudah lanjut krna biaya pembelian buku berkurang untuk siswa miskin.	positive
260	"#Kurikulum2013 saya setuju saja kalau kurikulum ini di adakan, tetapi disesuaikan dengan kemampuan murid yg di ajarkan!"	positive
261	#Kurikulum2013 itu bagus mengajak siswa tidak hanya menghafal tapi menganalisa masalah sayang kalau distop	positive
262	"#kurikulum2013 masukkan pelajaran penghijauan, agar lahan eks tambang bauksit di #Kepri direklamasi #tanjungpinang"	positive
263	slh satu OutPut yg d rancang dlm #Kurikulum2013 al membentuk generasi yg cerdas komperhensif	positive
264	Klo #kurikulum2013 ditarik cmn krn berkaitan dgn doa di setiap memulai kelas ya itu emang ngga ada kerjaan dan pendek akal.	positive
265	prakarya & kewirausahaan menggali potensi lingkungan sekitar menjadi sebuah karya yang mempunyai daya saing #kurikulum2013	positive
266	"Dl bnyak yg ingin nilai siswa jgn cuma akademis, tp jg moral, tingkah laku, akhlak. Kurtilas coba ke sana #Kurikulum2013"	positive
267	"Ternyata, Kurikulum 2013 Pengaruhi Karakter Siswa. Bagaimana Menurut Anda? #Kurikulum2013 """	positive
268	#Kurikulum2013 untuk pembentukan kapasitas dan kualitas guru. marilah kita semua berpastisipasi untuk #Kurikulum2013	positive
269	"Syukur #kurikulum2013 dihentikan. Kasihan skolah* yg di pelosok , bukunya gak nyampe sampe ke tujuan dari setahun lalu."	positive
270	#Kurikulum2013 ... pemikiran random yang disampaikan dengan bahasa yang normatif.	positive
271	siswa lebih berani berbicara dan tambah sopan karena nilai sikap terpisah dan pengaruhi naik kelas #Kurikulum2013	positive
272	Kita tidak mendidik anak2 hanya menjadi pintar tapi juga ianya hrs memiliki iman yang kuat dan berbudi pekerti #kurikulum2013	positive
273	Selamat aja buat anak sekolahan #KURIKULUM2013 kini di gantikan dengan #KURIKULUM2006	positive
274	Kota Tangerang Tetap Laksanakan Kurikulum 2013 - …  #kurikulum2013	positive
275	Prestasi yang hebat itu menghentikan #Kurikulum2013 padahal termasuk tim didalamnya dan tahu berapa kerugiannya	positive
276	"polemik kurikulum 2013, ntah mana yg baik tetapi apapun nnti kurikulumnya harus diiringi dg peningkatan kualitas!"	positive
277	"Ternyata #Kurikulum2013 tujuannya baik, tapi banyak yang salah sasaran dan pengertian akan sains."	positive
278	Semua pelajar sekarang aktif. Sedangkan guru hanya menunggu tugas dari muridnya dan menerangkan. #Kurikulum2013	positive
279	Profesi sy skarang ini lbh banyak sbg pengajar. Guru pemula di permulaan penerapan #kurikulum2013	positive
280	Reformasi yg lain adalah gaji guru harus tinggi! Karena butuh guru2 berkompetensi tinggi utk mengajarkan #Kurikulum2013 ke murid.	positive
281	"Sebaiknya bobot #Kurikulum2013 dikurangi, jangan terlalu padat. Dan reformasi pendidikan harus jalan. Salahsatunya UN semestinya ditiadakan."	positive
282	Bernafas dengan jujur dan disiplin sesuai dengan ejaan yang telah disempurnakan #Kurikulum2013	positive
283	"#Kurikulum2013 banyak mengajarkan etika dan bermain. Lebih ringan dibanding kurikulum 2006. Tapi lebih padat isinya, makanya keteteran."	positive
284	"Begitupun dg aparat yg terlibat ""kekuranggan yg ada seharusnya sama² dicarikan solusinya, bukan malah mundur ke sebelumnya"" #kurikulum2013"	positive
285	Di sini lah guru dan siswa dituntut menjadi berkualitas dg sama2 berusaha memaksimalkan potensinya #kurikulum2013	positive
286	"Lakukan yg terbaik utk pendidikan Indonesia, mrk yg hanya bisa nyinyir atas di hapusnya #Kurikulum2013, pasti pny kepentingan #Proyek"	positive
287	"itulah....mmg bagus, tapi sebaiknya semua harus sudah terkondisikan siap menggunakan #kurikulum2013 shg efektif dan tepat."	positive
288	Seneng banget yaa Kurikulum 2013 dihentikan. Kita jadi lebih enak lagi belajarnya \=D/ #Kurikulum2013 hihihi	positive
289	"Kurikulum 2013 jangan di hapus! Negara lain sudah menerapkan kurikulum yang seperti ini, dan hasilnya pelajar disana hebat2 #Kurikulum2013"	positive
290	#kurikulum2013 merupakan bagian dari perbaikan kurikulum KTSP 2006 di era Bambang Sudibyo.	positive
291	Baru tau saya kalau #Kurikulum2013 SMA di rapor sudah mulai pake Indeks Prestasi Kumulatif (IPK) skala 0 - 4 segala...	positive
292	"Harapan saya sih menteri itu kerjanya jangan hanya memotivasi, tapi memberi solusi. #Kurikulum2013"	positive
293	Semoga bisa membuat keputusan yang terbaik...#Kurikulum2013 #CintaJokowi	positive
294	"Wakil Menteri Pendidikan dan Kebudayaan bidang Pendidikan, Musliar Kasim mengatakan, banyak pihak telah mengakui keunggulan Kurikulum 2013"	positive
295	"Mantan Atase Pendidikan dan Kebudayaan di KBRI New Delhi, India, Son Kuswadi mengatakan bahwa pemerintah India memuji Kurikulum 2013."	positive
296	Wamendik: seorang pakar di bid penddkan asal Jepang memberikan pujian juga yang mengaku penasaran dg Kurikulum 2013 krn diakui bagus .	positive
297	"#Kurikulum2013 distop bagi sekolah yg baru menjalankannya selama 1 semester, sedangkan sekolah yg sudah menjalankan 3 semester ttp lanjut"	positive
298	"Kurikulum 2013 secr komprehensif mebngun insan Ind yg produktif, inovatif, kreatif,& afektif. dg penguatan skp, ketrampln&penget yg berintegrasi."	positive
299	Wamendik: Banyak Pihak Akui Keunggulan Kurikulum 2013	positive
300	Kemdikbud Terus Pantau Distribusi Buku Kurikulum 2013	positive
301	"Ribut2 kurikulum 2013,lebih baik hapuskan Ujian Nasional seragam, perbaiki kualitas pendidikan dan semua warganegara dpt pendidikan yg layak"	positive
302	latihan mandiri dengan #kurikulum2013 yang hrus cri materi sendiri	positive
303	Pelatihan kurikulum 2013 mandiri. #kurikulum2013	positive
304	"Selamat menjalankan amanah dan tugas dalam pendampingan implementasi kurikulum 2013, semoga diberi kemudahan dan kelancaran #Kurikulum2013"	positive
305	"Jadi intinya, apapun kurikulumnya jadilah guru hebat yg kritis dan kreatif guys. #Kurikulum2013"	positive
306	@ridwankamil terima kasih telah menghapuskan kurikulum 2013 #Kurikulum2013	positive
307	Jadi makin bersyukur karena pendidikan nasional tetap memakai kurikulum 2013 dengan catatan akan dievaluasi	positive
308	"Sebaiknya k13 tidak perlu dihentikan, cuma harus direvisi aja ,yang kurang baik apa, dan Hapus UN !! #Kurikulum2013"	positive
309	"Blusukan ke SMA 87, Menteri Anies dicurhati soal #Kurikulum2013"	positive
310	Ini karyaku pelajaran prakarya Dan kewirausahaan #kurikulum2013 #latepost :)	positive
311	Penilaian Kompetensi Sikap pada Kurikulum 2013 #kurikulum2013	positive
312	"Wamendik Musliar : ""Kita harus bersyukur bisa menghasilkan Kurikulum 2013. Kurikulum ini luar biasa perubahannya."""	positive
313	"Yuhuuu, akhirnya selesai menulis raport siswa. #free #raport #kurikulum2013"	positive
314	Mendikbud Anies Baswedan tinjau implementasi #Kurikulum2013 di SD Negeri Sukmajaya 1 Depok	positive
315	Mari kita tingkatkan prestasi! #Kurikulum2013	positive
316	Diperlukan juga penerapan Kurikulum 2013 dgn adaptasi muatan lokal utk memudahkan pembelajaran di Sumba.	positive
317	"Anak 1 SD 2 minggu masuk sekolah. Soal di buku: sebutkan jumlah huruf konsonan pd kata ""perempuan"". Keren! #kurikulum2013"	positive
318	"PADA kurikulum 2013 (K13) yang kini diterapkan, ada pelajaran tambahan yakni kewirausahaan.…"	positive
319	@Fahrihamzah: Semoga bisa membuat keputusan yang terbaik...#Kurikulum2013 #CintaJokowi RAGU sdh Terbuai CITRA	positive
320	"Jangan-jangan banyak juga yang gak tau kalau kurikulum pelajaran bahasa itu dipengaruhi oleh teori linguistik. K13, misal, dipengaruhi SFL."	positive
321	sepertinya PSPB sama PPKN mesti di masukan kembali dalam kurikulum diknas..	positive
322	Pancasila perlu dimasukkan dalam kurikulum pendidikan di semua tingkat sekolah. #PendidikanMoralPancasila	positive
323	Ada baiknya mempertimbangkan PMP masuk di kurikulum demi menanamkan nilai pancasila bagi pelajar	positive
324	Seharusnya Sastra Jadi Kurikulum Wajib di Sekolah Indonesia 	positive
325	Tiap pagi baca al-quran dapat membuat kita tenang dan dapat menambahkan moot #kurikulum2013	positive
326	"Setuju, saya malah punya usulan sama menteri pendidikan kalo finance masuk kurikulum, biar Indonesia makin maju"	positive
327	"Pakar, Yustinus: Grand desain kurikulum dalam edukasi pajak sangat baik."	positive
328	Penilaian Sikap dalam Kurikulum 2013 Revisi 2017 - Tinta Pendidikan Indonesia	positive
329	10. Pelatihan Instruktur Nasional dilaksanakan pada 20-24 Maret 2016. #Kabinet_Jokowi #Kurikulum2013	positive
330	Kunci kurikulum ada pada para guru #kurikulum2013	positive
331	"Seminar pendidikan nasional ""Pengembangan Kompetensi Guru dalam Implementasi Kurikulum 2013 di Tahun 2018"""	positive
332	"Enak ya kurikulum 2013 Berangkat liat sunrise pulang liat sunset Haha asyikk, serasa lagi di pantai."	positive
333	Memahami kurikulum baru memang lebih mudah daripada memahamimu ??	positive
334	Pemerintah siapkan kurikulum ekonomi digital http://nasional.kontan.co.id	positive
335	Kira² siapa yg mnjadi mendiknas dlm kabinet pak @jokowi_do2? smoga persoalan #Kurikulum2013 cepat dibereskan. atau dikembalikan dulu ke KTSP	positive
336	"Pelatihan Kurikulum 2013, Guru Harus Berinovasi dalam Proses Belajar Mengajar #PENDIDIKAN"	positive
337	alhamdulillah berjalan lancar dan semoga kegiatan ini makin meningkatkan kualitas pendidikan di Purwakarta dan Indonesia #Kurikulum2013	positive
338	Pengenalan Lingkungan Sekolah (PLS) Pameran Ekstrakulikuler Pramuka Wajib :) #kurikulum2013…	positive
339	Terima Kasih SMA Negri 1 Kalabahi Untuk Kepercayaannya #FinallyFinished #VideoPembelajaran #Kurikulum2013	positive
340	Semoga dengan kurikulum 2013 ini anak anak Indonesia jadi lebih sukses amin o:) Selamat Hari Pendidikan Nasional?	positive
341	Semoga tingkat kebolosan semakin berkuarang :/. ga ada dualisme antara kurikulum 2013 sama KTSP :D.	positive
342	kita selalu berjuang agar menghasilkan manusia yang berkompeten melalui kurikulum2013 ini #kurikulum2013	positive
343	Sosialisasi MoU Pendampingan Kurikulum 2013 #kurikulum2013	positive
344	Ketika SMKN 11 diliput mengenai #Kurikulum2013 #Infoin11 18.01~ cc: @rezabatubara1 @dwitagama	positive
345	"Alasan kembali ke KTSPnya begini dan syarat untuk tetap pakai #kurikulum2013- nya seperti ini ya, Pak @aniesbaswedan?"	positive
346	Sekolah Negeri Seragam Kurikulum 2013  #Kurikulum2013	positive
347	"Kemdikbud: Materi ""pendidikan seksual"" sudah ada di Kurikulum 2013"	positive
348	Resmi! Kemendikbud Ubah Nama Kurikulum 2013 Menjadi Kurikulum Nasional	positive
349	"Hore kmbali ke kurikulumkur/ ktsp 2006, lebih bagus dripada #kurikulum2013"	positive
350	"Fokus libur udh slesai bsok udah fokus blajar 2015 ini memperbaiki nilai , prilaku, dalam skolah #kurikulum2013"	positive
351	Kepsek SMPN 4 @kepanjen_kita : seluruh SMPN di Jatim tetap jalan #Kurikulum2013 krn dinilai bagus & sekolah sdh siap	positive
352	Kurikulum 2013 Diterapkan Penuh Paling Lama 2018 …  #Kurikulum2013	positive
353	"Pertahankan K-13, Guru Dibekali Pelatihan…  #Kurikulum2013"	positive
354	Muatan Kurikulum 2013 PAUD #kurikulum2013 #PAUD #TK / RA / PAUD	positive
355	Jokowi: Sekolah negeri wajib gunakan #Kurikulum2013	positive
356	Ngajarnya gak lelah tapi lelah sama adminitrasi nyaa #Kurikulum2013	negative
357	Harap harap cemas menantikan orang yang tak pantas . Revisi dulu otaknya biar kaya kurikulum sekarang #kurikulum2013	negative
358	"Pengamat: Ganti Kurikulum, Cara Gampang Serap Anggaran #Kurikulum2013"	negative
359	"#Kurikulum2013 tugasnya banyak pula. Ya gapapa sih, cuma capek aja, jadi gampang ngantuk sekarang :'3 Gampang gak fokus di sekolah."	negative
360	#Kurikulum2013 kebanyakan presentasi. Waktu habis buat presentasi doang. Entahlah aku gasuka.	negative
361	Banyak Guru Kesulitan Terapkan K-13 #Kurikulum2013	negative
362	#Kurikulum2013 Membuat Stress Guru	negative
363	Kepala sekolah juga bingung kemana/dimana tempat membeli buku #Kurikulum2013 tersebut. Belum ada arahan dari pihak terkait-dinas pendidikan	negative
364	waktu terus berjalan di hari pertama tahun pelajaran. Sedangkan buku pegangan #Kurikulum2013 untuk pegangan siswa tidak kunjung ada.	negative
365	Saat ini dilapangan bukan bermasalah pada #Kurikulum2013 nya. Tetapi buku untuk pembelajaran tersebut tidak kunjung ada dalam versi cetak	negative
366	saya rasa #Kurikulum2013 belum begitu bagus untuk diterapkan saat ini.	negative
367	#Kurikulum2013 #PendidikanNasional itu adalah membunuh kebhinekaan nusantara #eh	negative
368	Ada yang bilang semua ini cuma sekedar proyek basah. Entahlah #hardiknas #kurikulum2013	negative
369	"K13 Dinilai Terlalu Berat, #Mendikbud Akan Lakukan Koreksi ... - #Kurikulum2013"	negative
370	#UNBK2016 kejuruan ancur ! Aku diajarin #KTSP yang buat ujian #kurikulum2013 aaaaaaaaa :-V	negative
371	titik syarafnya generasi negeri ini kan di pendidikan... sementara #kurikulum2013 direvisi secara tertutup :D	negative
372	Udh gitu banyak tugas rumah yang harus diselesaiin. Padahal KATANYA dan HARUSNYA k13 itu gak ada tugas rumah.- 3 #Kurikulum2013	negative
373	"Karena sudah pulangnya sore, blum lagi di perjalanan lama. Sering kali membuat orang tua khawatir.- 2 #Kurikulum2013"	negative
374	Remidial matematika + kimia?? Liat soalnya aja udah males apa lagi suruh ngerjain #kurikulum2013	negative
375	kami adalah sedikit generasi dimana uji coba kurikulum 2013 diadakan #kurikulum2013 #smkn42jakarta…	negative
376	Kurikulum 2013 begitu menyakitkan #korbanKurikulum2013 #kurikulum2013	negative
377	"#kurikulum2013  Terlalu banyak berpikir dapat merusak pikiran, menghancurkan kebahagiaan, dan menciptakan masalah."	negative
378	Siapa peduli MAFIA Proyek di #kurikulum2013 dalam setiap MUSIM Pelatihan..Wakil rakyat	negative
379	"Buku gak ada, bahan gajelas, materi ganti ganti. Angkatanku selalu jadi kelinci percobaan #kurikulum2013"	negative
380	"Guru hanya menjadi fasilitator... murid harus mandiri. Jika ingin sekolah maju, yang harus berusaha adalah muridnya. #Kurikulum2013"	negative
381	"Harus gini bgt ya #kurikulum2013 susah, belum dijelasin materi tp tugasnya byk bgt, gk mudeng pula. Coba aj klo KTSP dibalikin"	negative
382	Kelar hidupku.... #Kurikulum2013	negative
383	#Kurikulum2013 Tugas dan kegiatan sekolah tidak sebanding	negative
384	"Angkatan gw jdi kelinci percobaan #kurikulum2013,angakatan 2 thn di atas gw jdi kelinci percobaan sistem #UN baru,#jadisedih"	negative
385	Tikus percobaan #kurikulum2013	negative
386	Muhammadiyah Protes Mendikbud #Pendidikan #kurikulum2013	negative
387	Kurikulum kebanyakan presentasi. #Kurikulum2013	negative
388	"di kutai timur #kurikulum2013 masih tetap berjalan, di beberapa daerah sudah kmbli ke KTSP, apa itu bsa disebut pmrataan pendidikan ??#K2013"	negative
389	"#Kurikulum2013 #K13 bukan buat anak"" kreatif tapi buat anak-anak jaman sekarang stres dengang apa yang dipelajarkannya"	negative
390	Pelajaran Matematika 3jam pusing..   #Kurikulum2013	negative
391	"Disaat mulai nyaman, kita harus berpisah #Kurikulum2013 "	negative
392	Ketika udah mulai nyaman malah pergi gitu aja #kurikulum2013	negative
393	Haii #Kurikulum2013 susah-susah gampang yah menghadapimu-_____-	negative
394	Udah mau Lulus malah dipersulit sama tugas-_- setiap mata pelajaran pasti ada tugas-_- #kurikulum2013	negative
395	"Baru 6 hari berangkat sejak liburan Jadwal mapel gonta ganti antara #kurikulum2013 sama ktsp itu rasanya (ogos) -_____-"""	negative
396	"Penilaian sebanyak ini, bikin pusing... #kurikulum2013"	negative
397	"Kalo gax' mumet itu namanya Orang gax' Normal ,aku ajah yang normal jadi Tidak gara gara menghadapi Rumitnya #kurikulum2013 @anaurah26"	negative
398	"Kasian amat --"" efek demen fisika :D kakaka #K13 #kemendikbud #surabaya #kurikulum2013…"	negative
399	"Datang, bikin nyaman, lalu pergi. Hiks. #Kurikulum2013"	negative
400	Ternyata bukan cuman kelinci yang di jadiin percobaan.. #kurikulum2013	negative
401	"udah nyaaman bangett malah ditinggal,huhu #kurikulum2013."	negative
402	Masya Allah bidang studi Ipa sama Mtk jam belajarnya kyk dulu lagi langsung 4jam .. #kurikulum2013 masya Allah harus sabar ini	negative
403	"Dunia pendidikan di indonesia kacau, kurikulum 2013 misalnya~"	negative
404	Mohon kpd Pak @aniesbaswedan agar membereskan masalah #Kurikulum2013 yg berantakan. Buku paket saja blm sampai di #Parapat - @Kemdikbud_RI	negative
405	selamat tinggal #kurikulum2013	negative
406	"Seberapapun membingungkannya #Kurikulum2013, kalimat buatan kami masih lebih membingungkan."	negative
407	Ternyata semua nya bingung dengan #kurikulum2013.. Termasuk guru dan muridnya...	negative
408	"Untung gue di angkatan yang masih nganut kurikulum 2006, coba kalo lebih muda setahun aja, bakal ikutan galau deh kena #kurikulum2013"	negative
409	"#kurikulum2013 Disetop, Kok Bukunya Tetap Didistribusikan … Buat ganjel meja"	negative
410	"buat bungkus cabe kan bisa"" Kurikulum 2013 Disetop, Kok Bukunya Tetap Didistribusikan …  #Kurikulum2013"""	negative
411	"Kalau kalian naik angkutan umum dan kebetulan bareng guru-guru, pasti lagi rame pada ngedumel #Kurikulum2013 ini."	negative
412	"Setahun ini memang banyak guru #TIK yg galau mapelnya hilang, diganti prakarya dlm #Kurikulum2013. Jd mereka hilang jam mengajar."	negative
413	Tapi ya saya menyayangkan sih kalo #Kurikulum2013 itu distop. Mbok ya diperbaiki aja gitu. Mengingat dananya & buku2nya yg baru bgt dikirim	negative
414	saya khawatir ini tanda-tanda bahwa saya mulai depresi #rapor #kurikulum2013 :(	negative
415	"Tidak sinkron, waktu pemberian media sudah diakhir, sedangkan sistem penilaian yg terlalu banyak, dan adanya deadline. #kurikulum2013"	negative
416	Nggosip #kurikulum2013 yang tak kunjung usai	negative
417	"Bermotif Korupsi, #Kurikulum2013 Harus Dihentikan"""	negative
418	Hari ini apa yang selama ini menajdi momok menakutkan dan menjadi keresahan telah usai #kurikulum2013	negative
419	"Saat guru merasa kesulitan menghadapi pembaruan, seperti #Kurikulum2013, maka tandanya guru tersebut bermasalah. Guru harus selalu belajar."	negative
420	"Jika #Kurikulum2013 bermasalah, silahkan diperbaiki, tapi jika ternyata para tenaga pengajar yang tak mampu, adakah solusi terbaik?"	negative
421	"Perasaan #Kurikulum2013 uda dibubarin, tapi tetep aja tugas kuliah masih pake kurikulum ini..Mungkin dosennya belum bisa #moveon"	negative
422	Katanya #Kurikulum2013 itu Banyak PR & Tugasnya. Itu Salah Kurikulum atau Salah Menteri Pendidikan	negative
423	Jangan lagi korbankan anak2 kami dng keputusan politik berkedok #kurikulum2013 @aniesbaswedan ubah skrg juga ! #HapusUN skrg jg	negative
424	"Emg gk pusing, bkin pnilaian dua.... #kurikulum2013"	negative
425	Bkin program klu blm bku jgn di d sbarkn.....!!! #MEMBUKTIKAN #kurikulum2013	negative
426	"Ujian dah kelar, tapi tugas masih aja segudang #kurikulum2013"	negative
427	Pemda Desak Pemerintah Pusat Tidak Plin-Plan Perihal #Kurikulum2013	negative
428	Kurikulum sbg sistem tidak bisa scr dadakan diberhentikan kemudian dilanjutkan lg. Hanya akan membuat pelaksana kbingungan #Kurikulum2013	negative
429	"Mending udahan aja dari pada dijalanin ga enak. Loh ini apa? -___-"" #Kurikulum2013"""	negative
430	KPK Indikasikan Kurikulum 2013 Kacau. #Kurikulum2013	negative
431	Mendikbud akan menguji cobakan #Kurikulum2013 | emang belum diujicoba ?	negative
432	"Seharusnya meskipun berganti Menteri, substansi kebijakan jangan diganti, Refleksi #Kurikulum2013"	negative
433	Polemik terkait nasib kurikulum 2013 masih menjadi tanda tanya buat Pendidikan ... #Kurikulum2013	negative
434	"Makin Ruwet, Pemerintah Tak Tanggung Buku KTSP #kurikulum2013"	negative
435	Bolehkah kami menolak surat edaran Mendikbud tentang penghentian K-13 karena kami benar-benar serius memberlakukan #Kurikulum2013.	negative
436	Jangan korbankan anak dan ortu #Kurikulum2013 vs #Kurikulum2006 DPD Dukung Pembatalan Kurikulum 2013	negative
437	Mau di bawa kemana buku kurtilas~~~~ #Kurikulum2013	negative
438	"Lebay banget -_- ""@meikelegiyati_: Tugas numpuk, ulangan mulu. #kurikulum2013"""	negative
439	Curigai Anies tak Punya Terobosan Baru hingga Setop K-13  …  #Kurikulum2013	negative
440	Betapa mahal pembuatan #Kurikulum2013 dan biaya implementasinya akankah menjadi sia sia	negative
441	harusnya sebelum diberlakukan di cek dulu penunjang #Kurikulum2013 setelah semua sekolah siap baru OK	negative
442	Penerapan 2 kurikulum dalam 1 waktu hanya ada di Indonesia mas @aniesbaswedan ... Betapa bobrok nya pendidikan kita. #kurikulum2013	negative
443	"Tampak nya, guru saya yang satu ini sudah gila hormat, labil, dan bertindak semena-mena kepada muridnya karena K13. #Kurikulum2013"	negative
444	"Selain Guru, #Kurikulum2013 Bikin Murid Stress"	negative
445	"Tukan bener, ganti lagi jadwal pelajarannya. #KURIKULUM2013"	negative
446	pusing pala bu guru #kurikulum2013	negative
447	dicabut aja deh pak #kurikulum2013. diperbaiki dulu gitu yang absurd2. saya gemes. rekrut saya deh pak! #yakale	negative
448	"#Kurikulum2013 itu hanya menbuat siswa stress dan bosan karna Tugas yg menumpuk&Pulang Sore, kmi pengen sistem bljr sprti dulu,"	negative
449	"#kurikulum2013 seharusnya dilakukan evaluasi terlebih dahulu,baru di terapkan.Memangnya kita kelinci percobaan?dan utk UN tlg jgn dipersulit"	negative
450	"#kurikulum2013 sya aja, kurang bgtu mengerti.. Dan saya yakin, sklah2 lainnya jga belum mempersiapkan dgan mtang.. Dan ini brantakan"	negative
451	#kurikulum2013 itu membuat otak pecah . MTK yang tadinya hanyak 1 sekarang ada 2 yaitu MATEMATIKA peminatan dan Wajib . Emang kita otaknya profesor	negative
452	Anak SD dipaksakan harus belajar dengan mata pelajaran setingkat SMA #Kurikulum2013 itu buruk dan bahaya.	negative
453	Pelajaran ini membuatku kyk psikopat.. -.- #kurikulum2013 #confused	negative
454	Sulitnya evaluasi belajar dalam #Kurikulum2013	negative
455	"Ternyata terbukti pejabat seblmnya menjalankan #Kurikulum2013 itu tergesa""&so,bnyk yg kontra akan diberlakukan Stop #Kurikulum2013 saat ini"	negative
456	Sekilas membaca isi #kurikulum2013 ni saya yg ngga ngerti bahasanya atau gimana yah...puyeng	negative
457	"Jgn memikirkan Kerugian materi dihentikannya #Kurikulum2013, tp jg harus dipikirkan beban psikologis anak didik akibat dr #Kurikulum2013!!"	negative
458	Selain ramai tentang pro & kontra #Kurikulum2013. Sepertinya mimin lupa akan 1 hal...... :)	negative
459	"Bgm bisa lupa, itu trauma sy sbg ortu korban amburadul #Kurikulum2013 RT ""Menolak Lupa Penyusunan Kuritilas"""	negative
460	"Silahkan ganti presiden, pak ustaz. Siapapun presidennya, kl kurikulum sekacau #Kurikulum2013, saya lawan."	negative
461	"Jadi, bagaimana tanggapan kalian mengenai Pencabutan #Kurikulum2013? A. Setuju B. Tidak setuju"	negative
462	menanti kesaksian sang penyusun #Kurikulum2013. dia mengetiknya secara sadar atau sedang mengigau.	negative
463	Untuk disebut sebagai sebuah KURIKULUM saja seharusnya dokumen #Kurikulum2013 ini sangat tak pantas.	negative
464	"Kurikulum sebelum #Kurikulum2013 tdk lbh baik, tetapi yg jelas tak ada kalimat2 terorisasi statusisasi "	negative
465	"saya akan hentikan #kurikulum2013 jika berwenang. Lha dokumen ditulis kayak oleh org gak waras gitu, mosok mau diteruskan?"	negative
466	Teriaak Solidaritas tapi jawaban ujian aja masih diumpetin ke temen. Apa itu arti Solidaritas? #Kurikulum2013 #SemangatUAS #TolakUN	negative
467	Kasihan oh kasihan... kalian oh kalian.. selalu menjadi kelinci percobaan... #Kurikulum2013	negative
468	"Bukan interdisiplin, tapi multidisiplin yang dipaksakan dalam kompetensi dasar #Kurikulum2013 """	negative
469	"Artinya, sampai tahun 2010, setidaknya, belum ada gagasan merancang kurikulum baru. #Kurikulum2013 tidak dirancang sjk 2009"""	negative
470	"pk mentri sharusnya tdk mnggnakn indktr jakarta da skitar istna presidn sj, lhat lah yg didaerah ini yg 70 prsn udh mnrapkan #Kurikulum2013"	negative
471	Salah sendiri juga dulu terlalu cepat menetapkan kurikulum 2013 yang belum matang dan minim sosialisasi. haHaHAhahA #Kurikulum2013	negative
472	sinetron #Kurikulum2013 bak perceraian rumah tangga dan korban utamanya adalah anak-anak didik	negative
473	"Saya ketawa aja deh, ketika kualitas guru dianalogikan sebagai air torrent #Kurikulum2013"	negative
474	Aku lho ngga mudeng itu kalimatnya ngomong apa. Kemampuan berbahasaku perlu ditingkatkan #kurikulum2013	negative
475	"mungkin dalam K13 ini banyak yg menjadi kendala, tapi masih bisa untuk di perbaiki bukan? tidak harus distop, #Kurikulum2013"	negative
476	"Kebiasaan lama, ego para menteri kita, pantang melanjutkan program menteri pendahulunya. #Kurikulum2013"	negative
477	"Sekarang #Kurikulum2013 dihentikan, saya lihat banyak pejabat kecewa."	negative
478	"Ada pula guru yg kasihan kalo siswa tanpa 'disuapin' akan ""susah makan"", tp kalo bantu nerangin takut tetiba ada pengawas. #kurikulum2013"	negative
479	"Terhadap kurikulum 2013, sebagian guru laen sebel karena harus buat laporan tiap pertemuan / KBM. #kurikulum2013"	negative
480	"#KURIKULUM2013 Yg Paling Kasian itu anak2 yg duduk dibangku sekolah dasar, otaknya dipaksa bgt Berpikir Keras"	negative
481	Masak #Kurikulum2013 yang disiapkan 2 tahun lalu di stop dalam 2 bulan tanpa ngobrol. #CintaJokowi	negative
482	"Di kota besar guru saja sll kesulitan terkait #Kurikulum2013 , apalagi seperti papua yang segalanya minim"	negative
483	"Mengapa Kau Yang Memulai, Kau Yang Mengakhiri. #Kurikulum2013 #Depbuddikmen"	negative
484	"Kasihan penerbit buku yg dpt tender nyetak buku #Kurikulum2013, baru sekali cetak, distribusi blm tuntas.. Dah di stop... Brp modal yg ludes"	negative
485	#Kurikulum2013 merupakan warisan jahat yg membuat anak didik mengalami degradasi semangat belajar. Dukung 100% Pak @aniesbaswedan	negative
486	yang bikin #kurikulum2013 pun kayaknya gak tau tujuannya buat ngapain murid2	negative
487	Sekolah itu harusnya jadi tempat yg menyenangkan.. bukan menyebalkan dan bikin stres #kurikulum2013	negative
488	Kelahiran prematur yang dipaksakan #kurtilas #kurikulum2013 	negative
489	"Kami itu Manusia pakk, nggk robot yg bisa jadi bahan percobaan teruss #Kurikulum2013"""	negative
490	"topik hangat minggu ini #kurikulum2013 hentikan saja, tidak menambah mutu pendidikan sama sekali"	negative
491	Katanya #Kurikulum2013 itu Banyak PR &Tugasnya. Itu Salah Kurikulum Gue atau Salah Menteri Pendidikan Gue?	negative
492	Kalau membaca ulasan2 Prof @iwanpranoto soal #Kurikulum2013 tampak sekali kacaunya secara konseptual dan penggunaan bahasa. Ajiiiiiib!	negative
493	@iwanpranoto saya merasa jenuh dengan #Kurikulum2013 pak.	negative
494	Bantu mama periksa hasil ujian semester genap murid2nya :) mnrt beliau makin ribeeett! #Kurikulum2013	negative
495	"Enak bgt jadi pejabat Indonesia. Habisin uang triliunan utk bikin proyek abal-abal, lalu tdk dimintai tanggungjawab. #Kurikulum2013"	negative
496	Kebanyakan setiap menteri ingin menonjolkan kelebihannya sendiri2. #Kurikulum2013	negative
497	"Hai kalian orang² yang terpelajar, kalian tak tahu tentang K13, kalian hanya tahu itu berkualitas tapi itu membuat kami susah #kurikulum2013"	negative
498	"Yang dipelajari sebenernya mbulet aja, itu lagi-itu lagi. #Kurikulum2013"	negative
499	"Akhirnya #Kurikulum2013 dihentikan juga,, Mati lo K13..!!"	negative
500	SAYA ADALAH KORBAN K-13 #Kurikulum2013	negative
501	"Selain dihentikan, #Kurikulum2013 ini mesti diusut juga oleh @KPK_RI dugaan penyelewengan dananya."	negative
502	pembelajarannya masi belum merata.. Guru2 nya jadi bingung #kurikulum2013	negative
503	"Giliran udah nyaman, dia malah mau pergi. :( #kurikulum2013"	negative
504	"Biarkan #Kurikulum2013 sampai tahun ini jgn semester depan , krna orang tua mengeluarkan dana yg tidam sedikit"	negative
505	"Nah... Kelinci percobaan"" Hentikan Menjadikan Guru dan Murid Sebagai Kelinci Percobaan. Masalah #KTSP2006 dan #Kurikulum2013"""	negative
506	"sya dukung penghapusan kurikulum 2013,karena terlalu berat/ ribet masa pelajaran anak SD sprti anak kuliahan! #kurikulum2013"	negative
507	"Gurunya ja bingung gimana muridnya Baca ini. Penting tentang kenapa #Kurikulum2013 emang ngaco. #CabutK2013 """	negative
508	Hentikan Menjadikan Guru dan Murid Sebagai Kelinci Percobaan. Masalah #KTSP2006 dan #Kurikulum2013	negative
509	Asal-asalan? Tergesa-gesa? Atau sekedar menghabiskan proyek? #Kurikulum2013	negative
510	"Setuju banget #Kurikulum2013 itu dihentikan maupun dievaluasi karna benar"" membingungkan siswa maupun guru pengajar"	negative
511	"#KURIKULUM2013 Yg Paling Kasian itu anak2 yg duduk dibangku sekolah dasar,otaknya dipaksa bgt Berpikir Keras utk setumpuk Tugas nya"	negative
512	Jadi #Kurikulum2013 beneran dihapus? Bagus deh abisnya membingungkan. Kasihan ade gw yg masih sekolah (?)	negative
513	"Kapan Indonesia maju ? selalu dipersulit, ganti kekuatan ganti kurikulum :/ #Kurikulum2013"	negative
514	"Ahok: Kurikulum 2013 Enggak Siap, Kenapa Dipaksain?  "" #Kurikulum2013"	negative
515	rubah bongkar... rubah bongkat... #Kurikulum2013 korbannya para siswa	negative
516	"hampir ngga pernah ngomong kasar di socmed, tapi #Kurikulum2013 ini emang bener-bener kebangetan yang bikin."	negative
517	Gara2 Moratorium #Kurikulum2013 smua stakeholder pendidikan Galau ditengah2 UAS. Ini kah revolusi mental yg di mksd Joko? CC (1/2)	negative
518	Ini kurikulum apaan sih ngasal banged. Pasti ngetiknya di pramuka. #Kurikulum2013	negative
519	Padahal menghentikan #Kurikulum2013 tidak bisa seperti mengerem mobil. Biayanya mahal.	negative
520	Kalo Kurikulum 2013 dihentikan Lalu apa yang akan dibanggakan Indonesia pada negara lain dalam kualitas mutu pendidikan..???	negative
521	#kurikulum2013: Jumlah sekolah yang menjadi sasaran dari penerapan Kurikulum 2013 mengalami penurunan jumlah dari target awal.	negative
522	#kurikulum2013: Jumlah sasaran sekolah penerapan Kurikulum 2013 kembali dipangkas oleh Kemdikbud atas persetujuan Wapres RI.	negative
523	"#kurikulum2013: Anggaran kurikulum 2013 yg disiapkan sebesar Rp 2,49 triliun batal digunakan lantaran jumlah sasaran sklh jg dipangkas 80%"	negative
524	"#kurikulum2013: Akibat pengurangan jmlh sasaran sekolah pada kurikulum baru, tender buku yang semestinya sudah mulai ikut terkena imbasnya."	negative
525	Masak #Kurikulum2013 yang disiapkan 2 tahun lalu di stop dalam 2 bulan tanpa ngobrol. #CintaJokowi	negative
526	"#Kurikulum2013 itu konsepnya bagus banget mas, sayang SDM kita aja yg gak mampu ~ Soekamto, Ka SD Cipari 3, Cilacap"	negative
527	"Akibat nasib bangsa hanya ditangan 1,2 orang...#kurikulum2013 yg disiapkan 2 th lalu distop begitu saja tanpa diskusi dg komisi pendidikan"	negative
528	Karena pd akhirnya apapun yg diputus Menteri @aniesbaswedan terkait #kurikulum2013 pasti tidak akan bisa menyenangkan semua	negative
529	"Ganti mentri ganti kurikulum, lo mentrinya pa Anis baswedan bukan ganti kurikuum tapi menghentikan kurikulum #Kurikulum2013"	negative
530	Seharusnya anda menggunkan hati nurani pak sebelum memutuskan untuk menetapakan #kurikulum2013	negative
531	"#Kurikulum2013 dicabut? terus balik ke kurikulum 2006 ? *mending dipaduin aja,"	negative
532	"#kurikulum2013 emang susah, soalnya 2 bulan lalu gua jg PPL ngajar disuatu sekolah SMP, sistem penilaiannya sangat membingungkan"	negative
533	Kronologi penerapan #Kurikulum2013 = Masa dimana anak2 dijadikan kelinci percobaan tanpa ada evaluasi sebelumnya.	negative
534	"Reaksi yg nyusun #Kurikulum2013 pas ketauan biaya persiapan kurikulum 2013 adalah 2,49 Trilyun"	negative
535	Reaksi org2 di twitter terhadap org2 yg nyusun #Kurikulum2013 | #CabutK2013	negative
536	Reaksi anak sekolah terhadap #Kurikulum2013 | #CabutK2013	negative
537	Mungkin memang #Kurikulum2013 terlalu berat bagi Anies Baswedan jadi mendingan balik ke K2006 ya salam dah	negative
538	#Kurikulum2013 memang susah sama halnya dengan Kurikulum Pendidikan Tinggi berbasis kompetensi » Gurunya harus cerdas menganalisa masalah	negative
539	"#Kurikulum2013, baru Kau datanng! Kini dia mulai menghapus mu lagi, Bye bye.. aku pasti kangen kamu"	negative
540	"Yang aku bingungkan, kenapa yg udah jalanin #Kurikulum2013 selana 3 smester harus tetap jalan!"	negative
541	"Sekali lg, meskipun para guru dikirim utk mengikuti bimtek #Kurikulum2013 yg saya lihat tak sepenuhnya paham. Mungkin dr pematerinya, ..."	negative
542	Tenaga pendidik kebanyakan kebingungan menerapkan #Kurikulum2013 lantaran mrk tdk punya gambaran scr teknis di lapangan.	negative
543	"Kekacauan #Kurikulum2013 itu tidak aneh, karena dr awal tujuannya dituliskan dg kalimat2 nirmakna."	negative
544	tapi dana pendampingan ke 30 sekolah sekitar blm dibayar nih..#Kurikulum2013	negative
545	Biaya penyusunan hingga sosialisasi sebelum penerapan pasti habiskan bnyk uang #Kurikulum2013 ini.	negative
546	"Menghentikan itu gampang. Yg jadi pertanyaan, rugi berapa negara membuat #Kurikulum2013 itu?"	negative
547	Masih termasuk seusia jagung tapi langsung bermasalah #Kurikulum2013 #CabutK2013	negative
548	"coba kalo Fasilitas bagus,buku ada,materi ada,pelatihan guru bagus pasti kur2013 itu bagus jadinya gak akan ancur lah ini? #kurikulum2013"	negative
549	kur2013 itu masuk pagi pulang sore tugas numpuk nah itu yg menyiksanya dan materinya pun gak lengkap:( #Kurikulum2013	negative
550	sebenernya setuju kalo kur2013 di hapus tapi kasian anak kls 2 sma/smk yg udh ngikut ku2013 jdi gimana? #Kurikulum2013	negative
551	"bakal bingung kalo kur2013 di hapus kasian... yg udh kelas 2-_-"" udh kagok :'( #kurikulum2013"	negative
552	Perasaan belum sampe 1 bulan tuh gua dpet buku yg #Kurikulum2013 dari pemerintah eh udah diberhentiin aja skrang kurikulumnya wkwk	negative
553	"mantan mentri sebelumnya kecewo""@pandji: Baca ini. Penting tentang kenapa #Kurikulum2013 emang ngaco. #CabutK2013 """	negative
554	Kalau masalah menghentikan anak SD juga bisa. @aniesbaswedan @KemendikbudRI #Kurikulum2013	negative
555	"stuju #Kurikulum2013 dihapuskan, agar tdk trjadi keterpurukan anak penerus bangsa dgn sistem yg blm siap :)"	negative
556	"Pelaksanaan KurTilas menurut saya, blm efektif krn sdm yg kurang siap dibidangnya. #Kurikulum2013"	negative
557	"#kurikulum2013 cuma buat murid jadi biar 'mirip' gurunya, sebaliknya, murid g boleh salah & harus belajar sesuai 'durasi' lol"	negative
558	Stop kurikulum 2013 :) #Kurikulum2013	negative
559	"#Kurikulum2013 belum dirasa manfaatnya, tp sdh di hentikan oleh pemerintah. padahal uang rakyat sdh digelontorkan begitu banyak?"	negative
560	Kurikulum 2013 dihentikan? Ah sekolah gua sama aja berangkat pagi balik sore #kurikulum2013	negative
561	toleransi dalam berbagi jawaban; membiarkan pecontek.#Kurikulum2013	negative
562	"#Kurikulum2013 Memberatkan anak2 SD kelas 1 , Mereka blm lancar bca tulis , sdangkan diskolah mereka sllu tertekan Dgn plajaran"	negative
563	"Ente ngomong enak ""mengapa #Kurikulum2013 distop.. padahal kan bla bla bla... Maksudnya bla bla bla.."" mending anda rasakan dulu jadi kami"	negative
564	"Wah Bp Anies Baswedan minta Kurikulum 2013 dihentikan, para menteri langsung bergerak, semoga ga menggebu saat diawal2 aja #Kurikulum2013"	negative
565	Sebenernya salah satu efek buruk #Kurikulum2013 yg gua rasain itu bertambah banyaknya jam pelajaran yg bkin gak adanya upacara disekolah	negative
566	Moga2 gak ada kasus ky gini lagi nanti.... #Kurikulum2013	negative
567	"Udahlah udah, kalau dibatalkan yauda. RIBET loh ngisi rapot siswa, tiga halaman pak nuhh #Kurikulum2013"	negative
568	Serikat Guru Minta Kurikulum 2013 Dihentikan Total #Kurikulum2013	negative
569	Kalau usianya kurang lebih sudah 5 tahun dan tdk ada kemajuan atau positifnya sedikit sekali #kurikulum2013	negative
570	Hapus #kurikulum2013 -__- ga semua anak bisa aktif di kelas -__- apa kabar anak yang introvert	negative
571	"Jika diberhentikan, Kacau sekali jika kami kembali ke KTSP 2006. Mengapa Pemerintah tidak memikirkan sisi Psikologis siswa? #Kurikulum2013"	negative
572	"Sebelum belajar saja, siswa sudah merasa malas duluan karena melihat di hari ini ada pelajaran yg tdk mereka sukai #kurikulum2013"	negative
573	Setuju kalau #Kurikulum2013 dihapus. Capek juga kalau siswa yang aktif tapi gurunya pasif	negative
574	"Kurikulum 2013 baru berlaku kurang dari setahun, rekor baru sbg kurikulum tercepat yg dihapus..#Kurikulum2013"	negative
575	"#Kurikulum2013 Trlalu brbelit2. gurunya kerja ini, muridnya kerja itu . Sdngkn diajar blum tentu murid mau bljr apalg klo disuru bljr sndiri"	negative
576	"Kalo #kurikulum2013 distop kapan kita mau majunya? disuapin mulu. Siswa disuruh mandiri juga pada males, gimana mau saingan sama org asing?"	negative
577	Sayang banget dihapus.. Kenapa gak ditingkatkan saja? kalau dihapus malah keteteran #kurikulum2013	negative
578	"#Kurikulum2013 sumpah gue g ngerti dengan cra berfikirnya orang yg nyetusin K-13, kog bisa bisanya materi pensidikan ad caranya PACARAN"	negative
579	Untuk berbagi waktu dengan latihan pun untuk saat ini sepertinya sangat sulit #kurikulum2013	negative
580	pmerintah sih enak cmn bkin #Kurikulum2013 kta yg plajar jdi depresi!! klau pmrintah yg d ksi tgs #Kurikulum2013 blum tentu mreka mmpu!!	negative
581	#kurikulum2013 masih susah ngejalaninnya. tiba tiba udah mid semester . ngerasa kek ngga belajar -_-	negative
582	Ketika murid harus menguasai semua mata pelajaran sedangkan guru hanya 1 :) #CURHAT #Kurikulum2013	negative
583	"Lagi ada yang nangkap suara makhluk halus tuh di tv, ini bagian dari #Kurikulum2013 bukan ya?"	negative
584	"Kalau guru yang lain butuh Pendampingan Implementasi Kurikulum 2013, kalau adek mah cuma butuh Pendampingan Hidup bang."	negative
585	M.Nuh meninggalkan warisan yang sangat di benci beberapa anak sekolah di Indonesia..#Kurikulum2013	negative
586	Udah buyar otaku gk ada pandangan gara gara #kurikulum2013 bisa bisa gila semua siswa yg pake #kurikulum ini	negative
587	#Kurikulum2013 senin-minggu sekolah terus:(( pulang sore terus :(( tugas numpuk:(( dikejaar ulangan:(( lelaaaaaaahhhhhh! :'(	negative
588	"PR selalu ada, Tugas selalu menumpuk -,- #Kurikulum2013"	negative
589	Berangkat pagi pulang sore. tugas gak berhenti2 :) #kurikulum2013	negative
590	"gamasuk sekolah sehari, tugasnya kaya gamasuk sekolah satu semester #kurikulum2013"	negative
591	#kurikulum2013 Bukan dari Guru2nya ya.. Tp dr kurikulumnya.. jadi motivasi ank utk lbih baik berkurang.	negative
592	"Keikutan #kurikulum2013 ternyata enak, gak enak. Banyak gak enaknya, sih."	negative
593	Tadi malem mimpi masuk sekolah lagi. Bangun ketakutan. #Kurikulum2013?	negative
594	"Makanya, biarkan guru bikin soal sendiri, rancang materi sendiri, biar pintar. Bukan disuapi kayak materi #K13 #Kurikulum2013."	negative
595	"#kurikulum2013 kasihan sekolah yg di pinggiran,"	negative
596	"Dalam penyediaan buku. semester 1 udh selesai, tapi sebagian bukunya masih juga blom selesai dicetak. Siswa belajar pake apa ?#Kurikulum2013"	negative
597	"#kurikulum2013 tuh ngebebanin siswa banget. Banyak tugas, dan banyak juga ngerluarin duit buat nyari tugas! Nah pelajar yg gak mampu gimana?"	negative
598	Kenapa #kurikulum2013 dihapuskan ? padahal #kurikulum2013 buat siswa lebih aktif	negative
599	K13 membuat guru bertransformasi menjadi robot #Kurikulum2013	negative
600	"Kurikulum 2013 eksperimen pendidikan paling konyol, habiskan uang rakyat milyaran, trilyun rupiah #Kurikulum2013"	negative
601	"#Kurikulum2013 emang harus dibubarin, ini kurikulum sesat -.-"	negative
602	"Sudah sepantas nya kurikulum 2013 dihapus, karna itu sungguh sangat menyiksa MURID!! #Kurikulum2013"	negative
603	"yang salah dari #kurikulum2013, english dihilangkan, guru makan gaji buta, siswa makin mumet, penilaian terhadap siswa gak jelas"	negative
604	sing penting anak didik jgn dijadiin robot plagi kelinci percobaan. pagi sekolah sore - malam les! berat beut uripmu cah! #Kurikulum2013	negative
605	Mending ekskul pramuka itu dihapus aja .. Percuma wajib tapi abal abal .. #kurikulum2013 #savemahasiswa	negative
606	Penilaian kurikulum 2013 menyulitkan guru. Dhentikan saja #kurikulum2013	negative
607	ya Allah maaf aku harus ngeluh lagi.. Tapi kurikulum 2013 itu udah keterlaluan #kurikulum2013 #k2013	negative
608	"Kami bukan robot, kami hanya manusia biasa. Tolong jangan suruh kita menulis terus, kami juga punya rasa capek!! #kurikulum2013"	negative
609	"Sudah masanya UTS, tapi buku #Kurikulum2013 blm nyampe juga :)) apa yg mau diujikan ya, belajarnya saja amburadul krn tak ada buku"	negative
610	"Bukankah #Kapitalisme #Demokrasi dengan #Kurikulum2013 yang menjadikan dirimu pelajar ambigu, kenapa untuk halqoh kau sulit waktu?"	negative
611	Guru Terlalu Kaku saat Mengajar Hambatan Penerapan K13 #kurikulum2013	negative
612	"memaksa kita berbuat curang, melatih kita berbuat egois, mendidik kita jadi koruptor, menghalalkan segala cara. #kurikulum2013"	negative
613	Inilah Cara2 PKI Utk Hancurkan Generasi Bangsa Jokowi Diminta Hentikan Kurikulum 2013	negative
614	"Sebenernya K13 itu buat apa? #Kurikulum2013 Biar pinter, siswa jadi mandiri? GAK NGEFEK"	negative
615	#kurikulum2013 bikin pusing -_-	negative
616	Kalo ditimbang2 dan diangkat Beban tas gw msh lebih berat daripada beban hidup gw #kurikulum2013	negative
617	"Bayangkan saja, masa sih hari libur disibukkan dengan matrikulasi (les tambahan), mengganggu kami sebagai siswa #kurikulum2013"	negative
618	Ternyata Pelajaran peminatan lebih sulit daripada pelajaran wajib :v #Kurikulum2013	negative
619	"krna menurut kami #kurikulum2013 sudah cukup baik, hanya saja yg kami temui byk pengajar yg belum siap atau masih terbisa dg kurikulum lama."	negative
620	"bahkan bnyk jg pengajar yang seharusnya menjadi contoh, tidak menjalankan tugasnya dan hanya bertujuan untuk mencari kekayaan #kurikulum2013"	negative
621	Semua sepakat bhw #kurikulum2013 tak baik. Yg beda hanya tindak lanjutnya.	negative
622	"#Kurikulum2013 ~ anak2 dr sabang hingga merauke belajar hal yg sama, dari buku yg sama"" buku telat, tp nggak boleh pakai yg lain."	negative
623	"kita bukan ROBOT yang bisa nyelesain ini itu sekaligus, robot aja bisa rusak kalo terlalu banyak bekerja.gimana manusia? #kurikulum2013"	negative
624	Lebih kasian sama siswa siswi #Kurikulum2013 daripada BBM naik	negative
625	Sesungguhnya #Kurikulum2013 itu menyadarkan bahwa sekolah & guru hy menjadi penghambat bagi peserta didik #kotbah	negative
626	Saya termasuk angakatan Perdana yg merasakan #kurikulum2013 dan membuat saya merasa lelah berlama2 disekolah -_-	negative
627	"Sampai bulan November 2014, kami belum menerima Buku Siswa Kurikulum 2013 #kurikulum2013"	negative
628	Tiada hari tanpa tugas  #Kurikulum2013	negative
629	"mungkin karna #kurikulum2013 yang aneh itu juga membuat para orang tua bingung bagaiman metode pembelajaran anaknya,"	negative
630	Saya nggak ngerti TIK yang terintegrasi dengan setiap mata pelajaran dan TIK sebagai mata pelajaran; #Kurikulum2013	negative
631	#Kurikulum2013 distop dan kembali ke #KTSP pd wkt yg sama training #Kurikulum2013 msh terus berlanjut :D nyerap anggaran	negative
632	yg kasihan itu anak angkatan pertama hasil uji coba #kurikulum2013	negative
633	"Kurang persiapan, para guru diprediksi akan asal-asalan mengisi rapor #Kurikulum2013 di kota #Parapat"	negative
634	pergi gelap pulang gelap #kurikulum2013	negative
635	"Guru, murid, ortu, di #Kurikulum2013, semua menderita, karena merasa dieksploitasi, lebih parah lagi buat yang tidak mampu!"	negative
636	Paling2 juga nanti pengganti #Kurikulum2013 cuma diganti judul dan isinya tetap sama	negative
637	Mau pake #ktsp2006 atau #kurikulum2013 siswa masih banyak tuh yg nyontek :v kemampuan individu ga keliatan kalo tugasnya kelompok mulu	negative
638	#Kurikulum2013 Dihapuskan-_- Padahal bagus pakai kurikulum 2013 Tapi kenapa banyak orang kesal atau gimana gitu dengan kurikulum2013? #WHY	negative
639	Kenangan Kurikulum 2013 (kurtilas/ kurikulum tidak jelas) #kurikulum2013	negative
640	Entah apa yang trjadi dgn #kurikulum2013	negative
641	Siswa di ajak mandiri mempelajari pelajaran.. Tetep aja gak ngerti. Siswa itu perlu penjelasan dari guru #kurikulum2013	negative
642	"Setiap pergantian kekuasaan, siswa sekolah dasar yang menjadi korban kelinci percobaan..#kurikulum2013"	negative
643	Semakin para pejabat terutama yg skr sdg duduk di pemerintahan berkomentar ttg pro-kontra #Kurikulum2013 semakin membingungkan rakyat.	negative
644	#Kurikulum2013: terhitung sudah 9 kali perubahan kurikulum sejak indonesia merdeka.	negative
645	bukunya aja sampai sekarang belum terdistribusi scr merata terutama yg utk SD. #kurikulum2013	negative
646	"#Kurikulum2013 kalo bisa yg udah terlanjur 3 semester ngejalanin kurikulum ini juga di cabut pak, kami masih sering mengalami kesulitan."	negative
647	"#kurikulum2013 ,belum semua guru menguasai ,karna saat kita bertanya. .malah kita gax maksud apa yang di jelaskan guru tersebut"	negative
648	"Pemenang Tender Lalai, Ratusan Sekolah Tak Menerima Buku K-13 #Kurikulum2013"	negative
649	#kurikulum2013 sama sekali masih pusing bikin perangkat pembelajarannya	negative
650	Nilai rapot siswa sekarang tdak hanya tergantung pda kemampuan siswa tapi jga kemampuan guru wali dlam menggunakan excel :'v #kurikulum2013	negative
651	Kurtilas Kurang Laku #Pendidikan #Kurikulum2013	negative
652	"#Kurikulum2013 DISTOP (?) Hanya di Indonesia, ganti menteri ganti kurikulum. Sak karepmu !"""	negative
653	Ada pepatah Guru dibayar murah untuk mendidik moral anak bangsa. Sedangkan Artis dibayar mahal untuk MERUSAK anak bangsa! #kurikulum2013	negative
654	"Percuma mendidik menjadi pintar kalau sikapnya malah 'bergajulan', mungkin ini yg dituju #kurikulum2013 @aniesbaswedan @Mohammad_Nuh_"	negative
655	Anies Baswedan Serampangan Hapus #Kurikulum2013	negative
656	Dari kemarin tidurnya malem terus gara gara ngerjain banyak tugas *huft* I'm tired :'( #kurikulum2013	negative
657	"Pulang sekolah jam 2, terus dilanjutin lgi sekolah sore. Terus maghrib nya ke mesjid, jam 8 ngerjain pr. jam 10 baru selesai. #kurikulum2013"	negative
658	"power point, presentasi, pramuka, mandiri, jm ditambah dan apapun dikerjain sendiri .. mahamin materi sendiri .. saya capek! #kurikulum2013"	negative
659	"Pak guru kami bukan robot yang di kasih apa aja langsung ngerti,kami butuh penjelasan terlebih dahulu pak pfff #kurikulum2013"	negative
660	"Capek, stres, jenuh, bosen, kurang tidur, suka bicara sendiri => efek #kurikulum2013"	negative
661	Efek #Kurikulum2013 yang dulunya buku MTK 1 sekarang menjadi 3	negative
662	Ngerjain soal berkelompok kok kena marah? Padahal kan #Kurikulum2013 mengajarkan untuk berkelompok	negative
663	"Siswa dituntut belajar, ngerjain tugas yg gada abisnya, presentasi, dll.. sampai kesenangan masa muda itu gak didapat. #Kurikulum2013"	negative
664	Setujuu!!! Kami MANUSIA bukan ROBOT #kurikulum2013	negative
665	"Kami juga punya rasa LELAH sth belajar.... ""SEHARIAN"" #kurikulum2013"	negative
666	"Kami bukan robot bu, pak! Yang bisa kerja 24jam tanpa henti! #Kurikulum2013 -,-"	negative
667	"Berangkat pagi, pulang sore, mikir sendiri, nyari soal sendiri, ngisi sendiri & jelasin sendiri #Kurikulum2013"	negative
668	biarkn mrk merasakn bahwa beban terberat dlm hidupnya adl PR Matematik. nikmati masa sekolahmu nak! tp tambah umr bda tntangn #Kurikulum2013	negative
669	buang-buang waktu dan dana aja #kurikulum2013	negative
670	"Selalu begitu, ajukan, diputuskan dan di stop katanya demi kebaikan. Padahal dana sudah bergulir, hilang begitu aja #Kurikulum2013"	negative
671	"Mending udahan aja dari pada dijalanin ga enak. Loh ini apa? -___-"" #Kurikulum2013"	negative
672	"Bingung liat adek2 awak, ambil rapor setelah liburan sekolah hadeeh, klau katanya siih #kurikulum2013 kak !!"	negative
673	Gak hanya presidennya yg mencla mencle..Pendidikanpun dibikin spt itu juga! #SavePendidikan #Kurikulum2013 #Kurikulum2006	negative
674	#kurikulum2013 saat kerja kelompok yg males makin males yg rajin mkin rajin	negative
675	"Tidak hanya guru, anak didik pun menjadi #Korban #kurikulum2013"	negative
676	"mjd hmbtn krn bnyk siswa& guru yg blm #siapbelajar dlm #kurikulum2013 ,inilah ujian&tantangan bg profesionalisme seorg #guru"	negative
677	@yunsaragih akhirnya malah dia curhat klo dia kasihan melihat anak2 kesulitan belajar dg menggunakan #Kurikulum2013 -- #EhKok!	negative
678	"Nilai tertinggi kok cuma 3,60 :O bodohnya diriku :-/ #korban #Kurikulum2013"	negative
679	"Aku lelah dengan #Kurikulum2013 otak ku butuh meski istirahat sejenak saja,"	negative
680	"@MetroTV #kurikulum2013 kacau di implementasi, kurang persiapan & carut marut sosialisasi, siapa org2 bodoh d balik ini pak @aniesbaswedan ?"	negative
681	"Smoga tdk ada lg pasien sya yg stress, psikosomatis, kejang, pingsan hingga depresi krna #kurikulum2013"	negative
682	"Bu, itu nulis deskripsi sikap atau curhat? panjang banget. #kurtilas #K13 #kurikulum2013"	negative
683	"kasian tuh yang udah nyetak buku pelajaran banyak-banyak, eh katanya mau diganti lagi kurikulumnya #Kurikulum2013"	negative
684	Demikianlah #Kurikulum2013 aka #K13 Buku Penjaskes Cermin Pemerintah Tidak Serius Membenahi Pendidikan Nasional	negative
685	Ngajarnya gak lelah tapi lelah sama adminitrasi nyaa #Kurikulum2013	negative
686	"Silahkan ganti presiden, pak ustaz. Siapapun presidennya, kl kurikulum sekacau #Kurikulum2013, saya lawan."	negative
687	Makin ke sini generasi menunduk semakin dikit. Mereka berubah jadi generasi bermimpi. #kurikulum2013	negative
688	Butuh #kurikulum2013.... untuk ditiadakan. Ffs.	negative
689	Hayolohhhh #kurikulum2013 di stop Kemendikbud era SBY kecewa wkwkwk	negative
690	@Kemdikbud_RI #Kurikulum2013 bikin kurikulum JANGAN asal nama tercantum. Pikir apa tdk kasih beban berlebihan? Rasakan bawa buku belasan kg	negative
691	Malah bikin kacau kurikulum 2013...orng tua murid di bikin Pusing....!	negative
692	Entah Bagaimana Nasib Kurikulum 2013: Arah kebijakan pendidikan nasional hingga saat ini dinilai semakin kabur	negative
693	Bahkan sekarang tidur aja mimpinya tugas2 => efek #kurikulum2013	negative
694	"Baca buku anak SD yang #kurikulum2013 dikemasnya emang sih supaya terlihat lebih fun, tp kalau aku yg jd anak SDnya pasti bakalan pusing."	negative
695	"Memilukan -__-"" @rista0512: Mungkin buat yg tinggal dikota ga masalah. Tapi buat yang didesa dan pelosok? #Kurikulum2013"""	negative
696	"Menyebalkan itu masuk pagi pulang sore sampe rumah maghrib belom istirahat, pr yang menumpuk sudah menunggu #curhatanCogan #Kurikulum2013"	negative
697	belom ngerasain ngeselinnya #kurikulum2013 jadi bisanya cuman ngomong doang.	negative
698	Capek! Bosen! Letih! Inguh! Sakit! Malas! Stres! Pusing! Nek! BadMood! #kurikulum2013	negative
699	Mungkin ini jadinya nasib kurikulum 2013? #Kurikulum2013	negative
700	"Kalau kalian naik angkutan umum dan kebetulan bareng guru-guru, pasti lagi rame pada ngedumel #Kurikulum2013 ini."	negative
701	Nih bkin kurikulum 2013 kapan selesainya sik. Pusing	negative
702	"Kurikulum 2013, Kau Buatku Lelah"	negative
703	Makasih atas tambahan jamnya #kurikulum2013 :@ Stress stress ya	negative
704	"Respon ortu setelah menerima rapot edisi #Kurikulum2013: ""Bu, aku pusing bacanya."""""	negative
705	"#Kurikulum2013 sakitnya tu disini-_- belajar sendiri,cari buku sendiri,yg pinter makin pinter yg bodoh makin bodoh"	negative
706	Dan seharusnya #kurikulum2013 utk guru2 di Sd diberi pelatihan terlebih dahulu. Jgn lgsng diterapin. Siswa dan guru kebingungan.	negative
707	"Kami kaya kelinci percobaan aja --"" #kurikulum2013"	negative
708	Pusing matematika peminatan :3 #Kurikulum2013	negative
709	"Saya ingat apa kata Trainer #Kurikulum2013 saat pelatihan dulu, kalau terasa membebani, berarti gurunya salah menerapkan di pembelajarannya"	negative
710	Di bikin nangis sama penilaian kurtilas	negative
